boxId,manufacturer,filmName,widthIn,statusBefore,logId,warnings
"IL1-1338","Avery Dennison","Titan 7 Xtra","48","IN_STOCK","20260403024756149-210",""
"IL1-1384","Security","Ultra S15","50","IN_STOCK","20260403024756434-129",""
"IL1-1448","Vinyl","Oracal 651 White Glossy","48","IN_STOCK","20260403024756703-994",""
"IL1-1472","Avery Dennison","SkyLite 20 XTRM Poly","48","IN_STOCK","20260403024756968-397",""
"IL1-1485","Security","3M Ultra Prestige 70","60","IN_STOCK","20260403024757225-206",""
"IL1-1798","3M Fasara","Arpa SH2FGAP","50","IN_STOCK","20260403024757485-525",""
"IL1-1799","ASWFVKOOL","ASWF BLACK OPAQUE","48","IN_STOCK","20260403024757746-036",""
"IL1-1801","ASWFVKOOL","ASWF FROST REMOVABLE","36","IN_STOCK","20260403024757998-686",""
"IL1-1802","ASWFVKOOL","ASWF FROST REMOVABLE","48","IN_STOCK","20260403024758253-280",""
"IL1-1806","ASWFVKOOL","ASWF WHITE OPAQUE","72","IN_STOCK","20260403024758515-153",""
"IL1-2064","Security","3M Ultra S600","14","IN_STOCK","20260403024758785-245",""
"IL1-2208","Security","3M Ultra Prestige 70","36","IN_STOCK","20260403024759045-919",""
"IL1-2209","Security","3M Ultra Prestige 70","60","IN_STOCK","20260403024759324-579",""
"IL1-2278","Vinyl","Safron 818","30","IN_STOCK","20260403024759582-230",""
"IL1-2289","Security","7 MIL","72","IN_STOCK","20260403024759843-179",""
"IL1-2335","Security","3M Ultra S600","60","IN_STOCK","20260403024800103-515",""
"IL1-2336","Security","3M Ultra S600","60","IN_STOCK","20260403024800364-032",""
"IL1-2337","Security","3M Ultra S600","60","IN_STOCK","20260403024800630-920",""
"IL1-2385","Security","3M AG","60","IN_STOCK","20260403024800899-905",""
"IL1-2386","Security","3M AG","72","IN_STOCK","20260403024801150-644",""
"IL1-2676","3M Solar","Amber Low E 20","40","IN_STOCK","20260403024801412-862",""
"IL1-2692","Avery Dennison","Titan 7 Xtra","60","IN_STOCK","20260403024801672-035",""
"IL1-2771","3M Solar","Privacy Mirror","60","IN_STOCK","20260403024801933-607",""
"IL1-2856","Security","AV Clear 7 MIL","60","IN_STOCK","20260403024802192-032",""
"IL1-2866","Security","Madico Blister Free","60","IN_STOCK","20260403024802453-715",""
"IL1-2938","Avery Dennison","HT ELITE","48","IN_STOCK","20260403024802712-336",""
"IL1-2969","3M Fasara","Cielo SH2FGCE","50","IN_STOCK","20260403024802971-017",""
"IL1-2996","Security","SOL Ultrasafe WM560","60","IN_STOCK","20260403024803240-445",""
"IL1-3013","Vinyl","PERF ONE WAY","72","IN_STOCK","20260403024803497-239",""
"IL1-3018","Security","3M S70","72","IN_STOCK","20260403024803743-515",""
"IL1-3021","Vinyl","Perforated One-Way (White)","54","IN_STOCK","20260403024804004-683",""
"IL1-3107","Avery Dennison","Silver 20 Poly EXT","60","IN_STOCK","20260403024804265-994",""
"IL1-3123","Security","3M S40 ext","60","IN_STOCK","20260403024804524-627",""
"IL1-3127","Di-Noc","3M Di-Noc AE-1913MT","60","IN_STOCK","20260403024804785-965",""
"IL1-3128","Di-Noc","3M Di-Noc PS1183 (192')","60","IN_STOCK","20260403024805062-396",""
"IL1-3171","Solar Gard","Panaroma Slate 20","72","IN_STOCK","20260403024805321-528",""
"IL1-3181","SOLYX","SXJ-0547 Feather Gradient","71","IN_STOCK","20260403024805573-797",""
"IL1-3194","3M Fasara","Dusted Crystal","18","IN_STOCK","20260403024805848-215",""
"IL1-3318","Security","SOL Ultrasafe WM560","60","IN_STOCK","20260403024806125-430",""
"IL1-3331","Vinyl","651 Black Matte","48","IN_STOCK","20260403024806391-489",""
"IL1-3401","Di-Noc","3M Di-Noc Wood Grain-1147","48","IN_STOCK","20260403024806651-500",""
"IL1-3442","Di-Noc","3M Di-Noc Fine Wood-1771H","48","IN_STOCK","20260403024806911-167",""
"IL1-3469","ASWFVKOOL","ASWF REMOVABLE WHITE FROST","60","IN_STOCK","20260403024807171-922",""
"IL1-3533","Vinyl","3M Black Electrocut","60","IN_STOCK","20260403024807441-488",""
"IL1-3648","Avery Dennison","DR Grey 20X","60","IN_STOCK","20260403024807702-107",""
"IL1-3649","Avery Dennison","Ex Silver 20","48","IN_STOCK","20260403024807954-173",""
"IL1-3708","Security","Llumar PS-8 Silver","72","IN_STOCK","20260403024808200-666",""
"IL1-3709","Security","3M S2400","36","IN_STOCK","20260403024808461-683",""
"IL1-3710","Security","3M S2400","60","IN_STOCK","20260403024808721-301",""
"IL1-3739","Avery Dennison","R Silver 20X Poly","60","IN_STOCK","20260403024808977-959",""
"IL1-3793","Avery Dennison","DR Grey 10X","60","IN_STOCK","20260403024809248-880",""
"IL1-4019","Avery Dennison","Silver 20 EXTRM (exterior)","48","IN_STOCK","20260403024809507-191",""
"IL1-4035","Avery Dennison","- Silver 20 XRTM Exterior","60","IN_STOCK","20260403024809769-577",""
"IL1-4036","Avery Dennison","- Silver 20 XRTM Exterior","60","IN_STOCK","20260403024810016-914",""
"IL1-5049","Avery Dennison","Titan 07","60","IN_STOCK","20260403024810267-571",""
"IL1-5056","Avery Dennison","Titan 07","60","IN_STOCK","20260403024810521-012",""
"IL1-5068","Avery Dennison","E-Lite 70","60","IN_STOCK","20260403024810775-418",""
"IL1-5069","Avery Dennison","Titan 07","60","IN_STOCK","20260403024811036-681",""
"IL1-5075","3M Fasara","Feather Friendly Horizon","36","IN_STOCK","20260403024811301-562",""
"IL1-5076","3M Fasara","Feather Friendly Horizon","36","IN_STOCK","20260403024811563-072",""
"IL1-5090","3M Solar","Privacy Mirror","60","IN_STOCK","20260403024811822-839",""
"IL1-5115","Security","Avery Dennison Safety Clear 12 MIL","48","IN_STOCK","20260403024812079-737",""
"IL1-5160","Security","Avery Dennison Safety Matte 5 MIL R14811","60","IN_STOCK","20260403024812344-089",""
"IL1-5206","Vinyl","3M 7125 Dark Grey 41","48","IN_STOCK","20260403024812604-077",""
"IL1-5369","Solar Gard","Truevue 40","72","IN_STOCK","20260403024812861-885",""
"IL1-5381","Security","3M S2400","60","IN_STOCK","20260403024813121-260",""
"IL1-5382","Security","3M S2400","60","IN_STOCK","20260403024813382-711",""
"IL1-5390","SOLYX","SX-3140 Dusted Crystal","60","IN_STOCK","20260403024813639-271",""
"IL1-5452","3M Fasara","Frosted Crystal 7725-324","48","IN_STOCK","20260403024813903-428",""
"IL1-5691","3M Fasara","Essen SH2EMES","50","IN_STOCK","20260403024814164-605",""
"IL1-5839","Security","3M Ultra S800","72","IN_STOCK","20260403024814412-995",""
"IL1-5899","SOLYX","Blackout SXWFBO","46","IN_STOCK","20260403024814670-671",""
"IL1-5908","Avery Dennison","Natura 30","72","IN_STOCK","20260403024814930-106",""
"IL1-5924","Avery Dennison","Natura 30","48","IN_STOCK","20260403024815191-297",""
"IL1-5957","3M Fasara","Glace SH2MAGL","50","IN_STOCK","20260403024815465-803",""
"IL1-5987","Di-Noc","3M Di-Noc Carbon Black CA421","48","IN_STOCK","20260403024815730-933",""
"IL1-6007","Llumar","Frost (NRM PS2)","60","IN_STOCK","20260403024816000-453",""
"IL1-6090","3M Solar","Prestige 70","60","IN_STOCK","20260403024816259-119",""
"IL1-6096","SOLYX","Fine Brushed SXL1017","60","IN_STOCK","20260403024816533-232",""
"IL1-6104","Avery Dennison","E-Lite 70","36","IN_STOCK","20260403024816803-981",""
"IL1-6211","3M Fasara","Chamonix SH2EMCH","50","IN_STOCK","20260403024817063-005",""
"IL1-6225","Security","Madico Safetyshield 1500","60","IN_STOCK","20260403024817324-664",""
"IL1-6272","SOLYX","Xpel Intelligence 65 XVAS65","58","IN_STOCK","20260403024817594-018",""
"IL1-6274","Vinyl","Oracal 751 White","48","IN_STOCK","20260403024817858-507",""
"IL1-6278","3M Fasara","Feather Friendly Harmony","36","IN_STOCK","20260403024818119-409",""
"IL1-6289","Security","3M S140","60","IN_STOCK","20260403024818380-827",""
"IL1-6293","Security","3M S140","60","IN_STOCK","20260403024818631-421",""
"IL1-6304","3M Fasara","Bird Divert","12","IN_STOCK","20260403024818893-720",""
"IL1-6322","3M Fasara","Feather Friendly Harmony","48","IN_STOCK","20260403024819149-312",""
"IL1-6326","3M Solar","Prestige 70","72","IN_STOCK","20260403024819417-121",""
"IL1-6331","Avery Dennison","Blue Sandstone","48","IN_STOCK","20260403024819674-067",""
"IL1-6332","3M Fasara","Fabric Sagano SH2PTSA2","50","IN_STOCK","20260403024819949-212",""
"IL1-6339","Security","Madico Safetyshield 800","60","IN_STOCK","20260403024820213-206",""
"IL1-6345","Vinyl","Oracal 8500 Middle Gray","50","IN_STOCK","20260403024820488-069",""
"IL1-6370","Solar Gard","Truevue 15","60","IN_STOCK","20260403024820737-271",""
"IL1-6371","SOLYX","Whiteout SXWF-WO","72","IN_STOCK","20260403024820989-755",""
"IL1-6379","3M Solar","Prestige 70","36","IN_STOCK","20260403024821249-388",""
"IL1-6388","SOLYX","SX-C380 Organic Etch Stripes","48","IN_STOCK","20260403024821504-093",""
"IL1-6413","3M Solar","Night Vision 25","36","IN_STOCK","20260403024821769-220",""
"IL1-6418","Llumar","SCL SR PS8 (Clear)","72","IN_STOCK","20260403024822025-583",""
"IL1-6435","Avery Dennison","DR Grey 10X","48","IN_STOCK","20260403024822303-854",""
"IL1-6452","Security","Madico Safetyshield 1500","60","IN_STOCK","20260403024822568-409",""
"IL1-6464","3M Fasara","Feather Friendly Harmony","36","IN_STOCK","20260403024822825-789",""
"IL1-6466","3M Fasara","San Marino Milky Milky SH2MAMM","50","IN_STOCK","20260403024823076-624",""
"IL1-6473","Llumar","Frost (NRM PS2)","48","IN_STOCK","20260403024823333-233",""
"IL1-6495","Security","3M Ultra S800","36","IN_STOCK","20260403024823594-155",""
"IL1-6497","Security","3M S2400","60","IN_STOCK","20260403024823867-384",""
"IL1-6514","Security","3M Ultra S800","36","IN_STOCK","20260403024824119-913",""
"IL1-6536","Llumar","RN07","48","IN_STOCK","20260403024824385-069",""
"IL1-6574","Solar Gard","Truevue 15","48","IN_STOCK","20260403024824640-455",""
"IL1-6578","3M Solar","Night Vision 15","36","IN_STOCK","20260403024824911-171",""
"IL1-6583","Security","Madico Safetyshield 800","72","IN_STOCK","20260403024825175-228",""
"IL1-6585","Llumar","N1020B SR CDF (Bronze)","60","IN_STOCK","20260403024825431-917",""
"IL1-6597","SOLYX","1/2"" Reeded Glass SX-1254","60","IN_STOCK","20260403024825685-218",""
"IL1-6609","3M Fasara","Frosted Crystal 7725-324","48","IN_STOCK","20260403024825946-574",""
"IL1-6612","Avery Dennison","E-Lite 70X","72","IN_STOCK","20260403024826200-098",""
"IL1-6613","3M Solar","Prestige 40 Exterior","72","IN_STOCK","20260403024826465-693",""
"IL1-6614","3M Solar","Prestige 40 Exterior","72","IN_STOCK","20260403024826726-817",""
"IL1-6629","Llumar","V33","48","IN_STOCK","20260403024826986-685",""
"IL1-6630","Llumar","V28","48","IN_STOCK","20260403024827252-767",""
"IL1-6637","Security","3M S2400","60","IN_STOCK","20260403024827516-059",""
"IL1-6650","Security","3M S2400","72","IN_STOCK","20260403024827777-519",""
"IL1-6652","Avery Dennison","E-lite 45","48","IN_STOCK","20260403024828034-111",""
"IL1-6656","ASWFVKOOL","ASWF FROST REMOVABLE","48","IN_STOCK","20260403024828298-861",""
"IL1-6657","ASWFVKOOL","ASWF FROST REMOVABLE","72","IN_STOCK","20260403024828551-209",""
"IL1-6660","ASWFVKOOL","V-Kool VK 70","60","IN_STOCK","20260403024828825-958",""
"IL1-6672","Avery Dennison","Perlite 70","72","IN_STOCK","20260403024829084-470",""
"IL1-6676","Security","3M S2400","60","IN_STOCK","20260403024829346-407",""
"IL1-6684","3M Solar","Prestige 70","60","IN_STOCK","20260403024829610-295",""
"IL1-6692","3M Solar","Prestige 70","48","IN_STOCK","20260403024829884-376",""
"IL1-6694","Solar Gard","Truevue 05","48","IN_STOCK","20260403024830138-745",""
"IL1-6698","Llumar","Frost (NRM PS2)","48","IN_STOCK","20260403024830394-470",""
"IL1-6700","Llumar","Frost (NRM PS2)","60","IN_STOCK","20260403024830658-453",""
"IL1-6718","3M Solar","Night Vision 25","60","IN_STOCK","20260403024830920-914",""
"IL1-6728","Solar Gard","Truevue 15","36","IN_STOCK","20260403024831180-517",""
"IL1-6729","3M Solar","Night Vision 15","36","IN_STOCK","20260403024831454-759",""
"IL1-6745","3M Solar","Night Vision 25","36","IN_STOCK","20260403024831710-276",""
"IL1-6746","3M Solar","Prestige 90 Exterior","60","IN_STOCK","20260403024831980-183",""
"IL1-6750","SOLYX","SXR-8785 Safety Sand Blast","60","IN_STOCK","20260403024832240-255",""
"IL1-6757","3M Solar","Prestige 70","60","IN_STOCK","20260403024832506-743",""
"IL1-6764","3M Solar","Prestige 60","48","IN_STOCK","20260403024832767-352",""
"IL1-6766","3M Solar","Prestige 50 Exterior","72","IN_STOCK","20260403024833039-470",""
"IL1-6782","SOLYX","Gold Weave SCG02","59","IN_STOCK","20260403024833299-293",""
"IL1-6785","SOLYX","1/2"" Reeded Glass SX-1254","60","IN_STOCK","20260403024833560-730",""
"IL1-6790","Llumar","V28","72","IN_STOCK","20260403024833830-774",""
"IL1-6794","3M Solar","Night Vision 15","60","IN_STOCK","20260403024834089-766",""
"IL1-6799","3M Solar","Silver P-18","60","IN_STOCK","20260403024834346-260",""
"IL1-6802","3M Solar","Prestige 70","60","IN_STOCK","20260403024834607-358",""
"IL1-6810","SOLYX","Eco Dusted Crystal SX-3131","60","IN_STOCK","20260403024834858-716",""
"IL1-6824","Security","Madico Safetyshield 800","72","IN_STOCK","20260403024835124-143",""
"IL1-6825","Security","Madico Safetyshield 800","72","IN_STOCK","20260403024835412-226",""
"IL1-6848","3M Solar","Night Vision 25","72","IN_STOCK","20260403024835672-161",""
"IL1-6866","Security","Madico Safetyshield 1500","60","IN_STOCK","20260403024835924-848",""
"IL1-6871","Solar Gard","Slate 20","60","IN_STOCK","20260403024836194-196",""
"IL1-6872","3M Solar","Prestige 70","48","IN_STOCK","20260403024836471-313",""
"IL1-6874","Security","Madico Safetyshield 800","72","IN_STOCK","20260403024836729-388",""
"IL1-6875","Security","Madico Safetyshield 800","72","IN_STOCK","20260403024836989-965",""
"IL1-6876","Security","Madico Safetyshield 800","60","IN_STOCK","20260403024837250-350",""
"IL1-6884","Security","Madico Safetyshield 800","72","IN_STOCK","20260403024837510-723",""
"IL1-6902","Madico","Optivision Reflective 15","60","IN_STOCK","20260403024837767-123",""
"IL1-6913","Security","Avery Dennison Safety Matte 12 MIL","60","IN_STOCK","20260403024838026-604",""
"IL1-6914","Security","3M Ultra Night Vision 25","72","IN_STOCK","20260403024838285-811",""
"IL1-6916","Security","Madico Safetyshield 800","48","IN_STOCK","20260403024838546-995",""
"IL1-6917","Security","Madico Safetyshield 800","72","IN_STOCK","20260403024838812-496",""
"IL1-6918","3M Fasara","Dusted Crystal","48","IN_STOCK","20260403024839076-494",""
"IL1-6919","3M Fasara","Dusted Crystal","36","IN_STOCK","20260403024839333-911",""
"IL1-6924","Llumar","SpectraSelect 70 V70 SR CDF","72","IN_STOCK","20260403024839594-697",""
