manufacturer,film_name,film_key,product_code,source_kind,source_doc,source_product_name,notes
"3M Fasara","Aerina SH2FGAR","3M FASARA|AERINA SH2FGAR","SH2FGAR","official_catalog","3M Glass Finishes 2020-2021 Catalog","Aerina",""
"3M Fasara","Altair SH2FGAT","3M FASARA|ALTAIR SH2FGAT","SH2FGAT","official_catalog","3M Glass Finishes 2020-2021 Catalog","Altair",""
"3M Fasara","Arpa Black SH2BKAP","3M FASARA|ARPA BLACK SH2BKAP","SH2BKAP","official_catalog","3M Glass Finishes 2020-2021 Catalog","Arpa Black",""
"3M Fasara","Arpa Crystal SH2APCR","3M FASARA|ARPA CRYSTAL SH2APCR","SH2APCR","official_catalog","3M Glass Finishes 2020-2021 Catalog","Arpa Crystal",""
"3M Fasara","Arpa SH2FGAP","3M FASARA|ARPA SH2FGAP","SH2FGAP","official_catalog","3M Glass Finishes 2020-2021 Catalog","Arpa",""
"3M Fasara","Astral Silver SH2CSAS","3M FASARA|ASTRAL SILVER SH2CSAS","SH2CSAS","official_catalog","3M Glass Finishes 2020-2021 Catalog","Astral Silver",""
"3M Fasara","Aura 9 SH2PCA9","3M FASARA|AURA 9 SH2PCA9","SH2PCA9","official_catalog","3M Glass Finishes 2020-2021 Catalog","Aura 9",""
"3M Fasara","Black Blockout Matte 3635-22B","3M FASARA|BLACK BLOCKOUT MATTE 3635-22B","3635-22B","legacy_keep","Curated Legacy Keep","Black Blockout Matte","Retained as a curated legacy keep outside the official FASARA catalog."
"3M Fasara","Black Electrocut 7725-12","3M FASARA|BLACK ELECTROCUT 7725-12","7725-12","legacy_keep","Curated Legacy Keep","Black Electrocut","Retained as a curated legacy keep outside the official FASARA catalog."
"3M Fasara","Brushed Black SH2BKBR","3M FASARA|BRUSHED BLACK SH2BKBR","SH2BKBR","official_catalog","3M Glass Finishes 2020-2021 Catalog","Brushed Black",""
"3M Fasara","Brushed SH2FGBR","3M FASARA|BRUSHED SH2FGBR","SH2FGBR","official_catalog","3M Glass Finishes 2020-2021 Catalog","Brushed",""
"3M Fasara","Buckram Pearl + Gray SH2FGBUG","3M FASARA|BUCKRAM PEARL + GRAY SH2FGBUG","SH2FGBUG","official_catalog","3M Glass Finishes 2020-2021 Catalog","Buckram Pearl + Gray",""
"3M Fasara","Buckram SH2FGBU","3M FASARA|BUCKRAM SH2FGBU","SH2FGBU","official_catalog","3M Glass Finishes 2020-2021 Catalog","Buckram",""
"3M Fasara","Canvas Champagne Gold SH2CSCVC","3M FASARA|CANVAS CHAMPAGNE GOLD SH2CSCVC","SH2CSCVC","official_catalog","3M Glass Finishes 2020-2021 Catalog","Canvas Champagne Gold",""
"3M Fasara","Canvas SH2FGCV","3M FASARA|CANVAS SH2FGCV","SH2FGCV","official_catalog","3M Glass Finishes 2020-2021 Catalog","Canvas",""
"3M Fasara","Chain Mesh Reflect SH2SICMR","3M FASARA|CHAIN MESH REFLECT SH2SICMR","SH2SICMR","official_catalog","3M Glass Finishes 2020-2021 Catalog","Chain Mesh Reflect",""
"3M Fasara","Chamonix SH2EMCH","3M FASARA|CHAMONIX SH2EMCH","SH2EMCH","official_catalog","3M Glass Finishes 2020-2021 Catalog","Chamonix",""
"3M Fasara","Cielo SH2FGCE","3M FASARA|CIELO SH2FGCE","SH2FGCE","official_catalog","3M Glass Finishes 2020-2021 Catalog","Cielo",""
"3M Fasara","Cloud Narrow Blue Gray SH2FGCNB","3M FASARA|CLOUD NARROW BLUE GRAY SH2FGCNB","SH2FGCNB","official_catalog","3M Glass Finishes 2020-2021 Catalog","Cloud Narrow Blue Gray",""
"3M Fasara","Cloud Narrow Dark Gray SH2FGCND","3M FASARA|CLOUD NARROW DARK GRAY SH2FGCND","SH2FGCND","official_catalog","3M Glass Finishes 2020-2021 Catalog","Cloud Narrow Dark Gray",""
"3M Fasara","Cloud Narrow Light Gray SH2FGCNL","3M FASARA|CLOUD NARROW LIGHT GRAY SH2FGCNL","SH2FGCNL","official_catalog","3M Glass Finishes 2020-2021 Catalog","Cloud Narrow Light Gray",""
"3M Fasara","Cloud Narrow SH2FGCN","3M FASARA|CLOUD NARROW SH2FGCN","SH2FGCN","official_catalog","3M Glass Finishes 2020-2021 Catalog","Cloud Narrow",""
"3M Fasara","Cloud SH2FGCL","3M FASARA|CLOUD SH2FGCL","SH2FGCL","official_catalog","3M Glass Finishes 2020-2021 Catalog","Cloud",""
"3M Fasara","Cross Hairline Matte Light Gray SH2CHMAL","3M FASARA|CROSS HAIRLINE MATTE LIGHT GRAY SH2CHMAL","SH2CHMAL","official_catalog","3M Glass Finishes 2020-2021 Catalog","Cross Hairline Matte Light Gray",""
"3M Fasara","Cross Hairline Matte SH2CHMA","3M FASARA|CROSS HAIRLINE MATTE SH2CHMA","SH2CHMA","official_catalog","3M Glass Finishes 2020-2021 Catalog","Cross Hairline Matte",""
"3M Fasara","Cross Hairline Milky SH2CHML","3M FASARA|CROSS HAIRLINE MILKY SH2CHML","SH2CHML","official_catalog","3M Glass Finishes 2020-2021 Catalog","Cross Hairline Milky",""
"3M Fasara","Cross Hairline Sucre SH2CHSC","3M FASARA|CROSS HAIRLINE SUCRE SH2CHSC","SH2CHSC","official_catalog","3M Glass Finishes 2020-2021 Catalog","Cross Hairline Sucre",""
"3M Fasara","Cut Glass Pearl SH2CSCP","3M FASARA|CUT GLASS PEARL SH2CSCP","SH2CSCP","official_catalog","3M Glass Finishes 2020-2021 Catalog","Cut Glass Pearl",""
"3M Fasara","Cut Glass SH2CSC","3M FASARA|CUT GLASS SH2CSC","SH2CSC","official_catalog","3M Glass Finishes 2020-2021 Catalog","Cut Glass",""
"3M Fasara","Diamond SH2FGDM","3M FASARA|DIAMOND SH2FGDM","SH2FGDM","official_catalog","3M Glass Finishes 2020-2021 Catalog","Diamond",""
"3M Fasara","Essen SH2EMES","3M FASARA|ESSEN SH2EMES","SH2EMES","official_catalog","3M Glass Finishes 2020-2021 Catalog","Essen",""
"3M Fasara","Fibril SH2PTFB","3M FASARA|FIBRIL SH2PTFB","SH2PTFB","official_catalog","3M Glass Finishes 2020-2021 Catalog","Fibril",""
"3M Fasara","Fine Crystal SH2FNCR","3M FASARA|FINE CRYSTAL SH2FNCR","SH2FNCR","official_catalog","3M Glass Finishes 2020-2021 Catalog","Fine Crystal",""
"3M Fasara","Fine SH2FGFN","3M FASARA|FINE SH2FGFN","SH2FGFN","official_catalog","3M Glass Finishes 2020-2021 Catalog","Fine",""
"3M Fasara","Fine String SH2PTFS","3M FASARA|FINE STRING SH2PTFS","SH2PTFS","official_catalog","3M Glass Finishes 2020-2021 Catalog","Fine String",""
"3M Fasara","Frost Matte SH2FRMAX","3M FASARA|FROST MATTE SH2FRMAX","SH2FRMAX","official_catalog","3M Glass Finishes 2020-2021 Catalog","Frost Matte",""
"3M Fasara","Frost Sucre SH2FRSCX","3M FASARA|FROST SUCRE SH2FRSCX","SH2FRSCX","official_catalog","3M Glass Finishes 2020-2021 Catalog","Frost Sucre",""
"3M Fasara","Frost Walnut SH2PTFW","3M FASARA|FROST WALNUT SH2PTFW","SH2PTFW","official_catalog","3M Glass Finishes 2020-2021 Catalog","Frost Walnut",""
"3M Fasara","Frost Walnut Smoke SH2PTFWS","3M FASARA|FROST WALNUT SMOKE SH2PTFWS","SH2PTFWS","official_catalog","3M Glass Finishes 2020-2021 Catalog","Frost Walnut Smoke",""
"3M Fasara","Fusion Pearl SH2CSFP","3M FASARA|FUSION PEARL SH2CSFP","SH2CSFP","official_catalog","3M Glass Finishes 2020-2021 Catalog","Fusion Pearl",""
"3M Fasara","Glace SH2MAGL","3M FASARA|GLACE SH2MAGL","SH2MAGL","official_catalog","3M Glass Finishes 2020-2021 Catalog","Glace",""
"3M Fasara","Grain Champagne Gold SH2CSGC","3M FASARA|GRAIN CHAMPAGNE GOLD SH2CSGC","SH2CSGC","official_catalog","3M Glass Finishes 2020-2021 Catalog","Grain Champagne Gold",""
"3M Fasara","Hairline Matte SH2HLMA","3M FASARA|HAIRLINE MATTE SH2HLMA","SH2HLMA","official_catalog","3M Glass Finishes 2020-2021 Catalog","Hairline Matte",""
"3M Fasara","Illumina Alpha SH2FGMIX","3M FASARA|ILLUMINA ALPHA SH2FGMIX","SH2FGMIX","official_catalog","3M Glass Finishes 2020-2021 Catalog","Illumina Alpha","Catalog OCR normalized using 3M FASARA technical data sheet."
"3M Fasara","Illumina Black SH2BKIM","3M FASARA|ILLUMINA BLACK SH2BKIM","SH2BKIM","official_catalog","3M Glass Finishes 2020-2021 Catalog","Illumina Black",""
"3M Fasara","Illumina Reflect SH2SIIM","3M FASARA|ILLUMINA REFLECT SH2SIIM","SH2SIIM","official_catalog","3M Glass Finishes 2020-2021 Catalog","Illumina Reflect",""
"3M Fasara","Illumina Seamless-PR SH2SSIM-PR","3M FASARA|ILLUMINA SEAMLESS-PR SH2SSIM-PR","SH2SSIM-PR","official_catalog","3M Glass Finishes 2020-2021 Catalog","Illumina Seamless-PR",""
"3M Fasara","Illumina Seamless-S2 SH2SSIM-S2","3M FASARA|ILLUMINA SEAMLESS-S2 SH2SSIM-S2","SH2SSIM-S2","official_catalog","3M Glass Finishes 2020-2021 Catalog","Illumina Seamless-S2",""
"3M Fasara","Illumina Seamless-W2 SH2SSIM-W2","3M FASARA|ILLUMINA SEAMLESS-W2 SH2SSIM-W2","SH2SSIM-W2","official_catalog","3M Glass Finishes 2020-2021 Catalog","Illumina Seamless-W2",""
"3M Fasara","Illumina SH2FGIM","3M FASARA|ILLUMINA SH2FGIM","SH2FGIM","official_catalog","3M Glass Finishes 2020-2021 Catalog","Illumina",""
"3M Fasara","Illumina Silky-S SH2SSIM-S","3M FASARA|ILLUMINA SILKY-S SH2SSIM-S","SH2SSIM-S","official_catalog","3M Glass Finishes 2020-2021 Catalog","Illumina Silky-S",""
"3M Fasara","Illumina Silky-W SH2SSIM-W","3M FASARA|ILLUMINA SILKY-W SH2SSIM-W","SH2SSIM-W","official_catalog","3M Glass Finishes 2020-2021 Catalog","Illumina Silky-W",""
"3M Fasara","Illumina-g SH2FGIM-G","3M FASARA|ILLUMINA-G SH2FGIM-G","SH2FGIM-G","official_catalog","3M Glass Finishes 2020-2021 Catalog","Illumina-g",""
"3M Fasara","Illumina-PR SH2FGIM-PR","3M FASARA|ILLUMINA-PR SH2FGIM-PR","SH2FGIM-PR","official_catalog","3M Glass Finishes 2020-2021 Catalog","Illumina-PR",""
"3M Fasara","Kanon SH2FGKN","3M FASARA|KANON SH2FGKN","SH2FGKN","official_catalog","3M Glass Finishes 2020-2021 Catalog","Kanon",""
"3M Fasara","Lattice SH2FGLT","3M FASARA|LATTICE SH2FGLT","SH2FGLT","official_catalog","3M Glass Finishes 2020-2021 Catalog","Lattice",""
"3M Fasara","Lausanne SH2EMLA","3M FASARA|LAUSANNE SH2EMLA","SH2EMLA","official_catalog","3M Glass Finishes 2020-2021 Catalog","Lausanne",""
"3M Fasara","Leise SH2FGLS","3M FASARA|LEISE SH2FGLS","SH2FGLS","official_catalog","3M Glass Finishes 2020-2021 Catalog","Leise",""
"3M Fasara","Linen Crystal SH2LNCR","3M FASARA|LINEN CRYSTAL SH2LNCR","SH2LNCR","official_catalog","3M Glass Finishes 2020-2021 Catalog","Linen Crystal",""
"3M Fasara","Linen SH2FGLN","3M FASARA|LINEN SH2FGLN","SH2FGLN","official_catalog","3M Glass Finishes 2020-2021 Catalog","Linen",""
"3M Fasara","Lontano SH2FGLO","3M FASARA|LONTANO SH2FGLO","SH2FGLO","official_catalog","3M Glass Finishes 2020-2021 Catalog","Lontano",""
"3M Fasara","Luce SH2FGLU","3M FASARA|LUCE SH2FGLU","SH2FGLU","official_catalog","3M Glass Finishes 2020-2021 Catalog","Luce",""
"3M Fasara","Luna 6 SH2PCL6","3M FASARA|LUNA 6 SH2PCL6","SH2PCL6","official_catalog","3M Glass Finishes 2020-2021 Catalog","Luna 6",""
"3M Fasara","Luna 9 SH2PCL9","3M FASARA|LUNA 9 SH2PCL9","SH2PCL9","official_catalog","3M Glass Finishes 2020-2021 Catalog","Luna 9",""
"3M Fasara","Mare SH2FGMR","3M FASARA|MARE SH2FGMR","SH2FGMR","official_catalog","3M Glass Finishes 2020-2021 Catalog","Mare",""
"3M Fasara","Matte Crystal 2 SH2MACRX2","3M FASARA|MATTE CRYSTAL 2 SH2MACRX2","SH2MACRX2","official_catalog","3M Glass Finishes 2020-2021 Catalog","Matte Crystal 2",""
"3M Fasara","Matte Crystal SH2MACR-I","3M FASARA|MATTE CRYSTAL SH2MACR-I","SH2MACR-I","official_catalog","3M Glass Finishes 2020-2021 Catalog","Matte Crystal-i",""
"3M Fasara","Milano Milky White SH2MAML","3M FASARA|MILANO MILKY WHITE SH2MAML","SH2MAML","official_catalog","3M Glass Finishes 2020-2021 Catalog","Milky White","House-style name keeps Milano family label."
"3M Fasara","Milky Crystal SH2MLCRX","3M FASARA|MILKY CRYSTAL SH2MLCRX","SH2MLCRX","official_catalog","3M Glass Finishes 2020-2021 Catalog","Milky Crystal",""
"3M Fasara","Mist-PR SH2FGMI-PR","3M FASARA|MIST-PR SH2FGMI-PR","SH2FGMI-PR","official_catalog","3M Glass Finishes 2020-2021 Catalog","Mist-PR",""
"3M Fasara","Mist-S SH2FGMI-S","3M FASARA|MIST-S SH2FGMI-S","SH2FGMI-S","official_catalog","3M Glass Finishes 2020-2021 Catalog","Mist-S",""
"3M Fasara","Mist-W SH2FGMI-W","3M FASARA|MIST-W SH2FGMI-W","SH2FGMI-W","official_catalog","3M Glass Finishes 2020-2021 Catalog","Mist-W",""
"3M Fasara","Opaque Black SH2BKOP","3M FASARA|OPAQUE BLACK SH2BKOP","SH2BKOP","official_catalog","3M Glass Finishes 2020-2021 Catalog","Opaque Black",""
"3M Fasara","Opaque White SH2MAOW","3M FASARA|OPAQUE WHITE SH2MAOW","SH2MAOW","official_catalog","3M Glass Finishes 2020-2021 Catalog","Opaque White",""
"3M Fasara","Oslo SH2EMOS","3M FASARA|OSLO SH2EMOS","SH2EMOS","official_catalog","3M Glass Finishes 2020-2021 Catalog","Oslo",""
"3M Fasara","Oval SH2FGOV","3M FASARA|OVAL SH2FGOV","SH2FGOV","official_catalog","3M Glass Finishes 2020-2021 Catalog","Oval",""
"3M Fasara","Paracell SH2FGPR","3M FASARA|PARACELL SH2FGPR","SH2FGPR","official_catalog","3M Glass Finishes 2020-2021 Catalog","Paracell",""
"3M Fasara","Pixela SH2FGPX","3M FASARA|PIXELA SH2FGPX","SH2FGPX","official_catalog","3M Glass Finishes 2020-2021 Catalog","Pixela",""
"3M Fasara","Pop-S SH2FGPP-S","3M FASARA|POP-S SH2FGPP-S","SH2FGPP-S","official_catalog","3M Glass Finishes 2020-2021 Catalog","Pop-S",""
"3M Fasara","Pop-W SH2FGPP-W","3M FASARA|POP-W SH2FGPP-W","SH2FGPP-W","official_catalog","3M Glass Finishes 2020-2021 Catalog","Pop-W",""
"3M Fasara","Pyrgos SH2PTPG","3M FASARA|PYRGOS SH2PTPG","SH2PTPG","official_catalog","3M Glass Finishes 2020-2021 Catalog","Pyrgos",""
"3M Fasara","Reflect RE1SIAR","3M FASARA|REFLECT RE1SIAR","RE1SIAR","official_catalog","3M Glass Finishes 2020-2021 Catalog","Reflect",""
"3M Fasara","Rikyu SH2PTRK","3M FASARA|RIKYU SH2PTRK","SH2PTRK","official_catalog","3M Glass Finishes 2020-2021 Catalog","Rikyu",""
"3M Fasara","Sabrina SH2FGSB","3M FASARA|SABRINA SH2FGSB","SH2FGSB","official_catalog","3M Glass Finishes 2020-2021 Catalog","Sabrina",""
"3M Fasara","Safari SH2PTSR","3M FASARA|SAFARI SH2PTSR","SH2PTSR","official_catalog","3M Glass Finishes 2020-2021 Catalog","Safari",""
"3M Fasara","Safu SH2PTSF","3M FASARA|SAFU SH2PTSF","SH2PTSF","official_catalog","3M Glass Finishes 2020-2021 Catalog","Safu",""
"3M Fasara","Sagano SH2PTSA2","3M FASARA|SAGANO SH2PTSA2","SH2PTSA2","official_catalog","3M Glass Finishes 2020-2021 Catalog","Sagano",""
"3M Fasara","San Marino Milky Milky Blue Gray SH2MAMMB","3M FASARA|SAN MARINO MILKY MILKY BLUE GRAY SH2MAMMB","SH2MAMMB","official_catalog","3M Glass Finishes 2020-2021 Catalog","Milky Milky Blue Gray","House-style name keeps San Marino family label."
"3M Fasara","San Marino Milky Milky Dark Gray SH2MAMMD","3M FASARA|SAN MARINO MILKY MILKY DARK GRAY SH2MAMMD","SH2MAMMD","official_catalog","3M Glass Finishes 2020-2021 Catalog","Milky Milky Dark Gray","House-style name keeps San Marino family label."
"3M Fasara","San Marino Milky Milky Light Gray SH2MAMML","3M FASARA|SAN MARINO MILKY MILKY LIGHT GRAY SH2MAMML","SH2MAMML","official_catalog","3M Glass Finishes 2020-2021 Catalog","Milky Milky Light Gray","House-style name keeps San Marino family label."
"3M Fasara","San Marino Milky Milky SH2MAMM","3M FASARA|SAN MARINO MILKY MILKY SH2MAMM","SH2MAMM","official_catalog","3M Glass Finishes 2020-2021 Catalog","Milky Milky","House-style name keeps San Marino family label."
"3M Fasara","Sand SH2FGSD","3M FASARA|SAND SH2FGSD","SH2FGSD","official_catalog","3M Glass Finishes 2020-2021 Catalog","Sand",""
"3M Fasara","Seattle Fine SH2DGST-F","3M FASARA|SEATTLE FINE SH2DGST-F","SH2DGST-F","official_catalog","3M Glass Finishes 2020-2021 Catalog","Seattle Fine",""
"3M Fasara","Seattle SH2DGST","3M FASARA|SEATTLE SH2DGST","SH2DGST","official_catalog","3M Glass Finishes 2020-2021 Catalog","Seattle",""
"3M Fasara","Sensai Linen Champagne Gold SH2CSSEC","3M FASARA|SENSAI LINEN CHAMPAGNE GOLD SH2CSSEC","SH2CSSEC","official_catalog","3M Glass Finishes 2020-2021 Catalog","Sensai Linen Champagne Gold",""
"3M Fasara","Sensai Linen SH2FGSE","3M FASARA|SENSAI LINEN SH2FGSE","SH2FGSE","official_catalog","3M Glass Finishes 2020-2021 Catalog","Sensai Linen",""
"3M Fasara","Shigure Black SH2BKSG","3M FASARA|SHIGURE BLACK SH2BKSG","SH2BKSG","official_catalog","3M Glass Finishes 2020-2021 Catalog","Shigure Black",""
"3M Fasara","Shigure Gray SH2GRSG","3M FASARA|SHIGURE GRAY SH2GRSG","SH2GRSG","official_catalog","3M Glass Finishes 2020-2021 Catalog","Shigure Gray",""
"3M Fasara","Shigure SH2PTSG","3M FASARA|SHIGURE SH2PTSG","SH2PTSG","official_catalog","3M Glass Finishes 2020-2021 Catalog","Shigure",""
"3M Fasara","Shizuku SH2FGSK","3M FASARA|SHIZUKU SH2FGSK","SH2FGSK","official_catalog","3M Glass Finishes 2020-2021 Catalog","Shizuku",""
"3M Fasara","Shutie Black SH2BKST","3M FASARA|SHUTIE BLACK SH2BKST","SH2BKST","official_catalog","3M Glass Finishes 2020-2021 Catalog","Shutie Black",""
"3M Fasara","Shutie SH2FGST","3M FASARA|SHUTIE SH2FGST","SH2FGST","official_catalog","3M Glass Finishes 2020-2021 Catalog","Shutie",""
"3M Fasara","Slat SH2FGSL","3M FASARA|SLAT SH2FGSL","SH2FGSL","official_catalog","3M Glass Finishes 2020-2021 Catalog","Slat",""
"3M Fasara","Slat-g SH2FGSL-G","3M FASARA|SLAT-G SH2FGSL-G","SH2FGSL-G","official_catalog","3M Glass Finishes 2020-2021 Catalog","Slat-g",""
"3M Fasara","Straight Washi SH2FGSW","3M FASARA|STRAIGHT WASHI SH2FGSW","SH2FGSW","official_catalog","3M Glass Finishes 2020-2021 Catalog","Straight Washi",""
"3M Fasara","String Reverse SH2PTSTR","3M FASARA|STRING REVERSE SH2PTSTR","SH2PTSTR","official_catalog","3M Glass Finishes 2020-2021 Catalog","String Reverse",""
"3M Fasara","String SH2PTST","3M FASARA|STRING SH2PTST","SH2PTST","official_catalog","3M Glass Finishes 2020-2021 Catalog","String",""
"3M Fasara","Terrazzo Black SH2BKTZ","3M FASARA|TERRAZZO BLACK SH2BKTZ","SH2BKTZ","official_catalog","3M Glass Finishes 2020-2021 Catalog","Terrazzo Black",""
"3M Fasara","Terrazzo SH2FGTZ","3M FASARA|TERRAZZO SH2FGTZ","SH2FGTZ","official_catalog","3M Glass Finishes 2020-2021 Catalog","Terrazzo",""
"3M Fasara","Travertine Black SH2BKTV","3M FASARA|TRAVERTINE BLACK SH2BKTV","SH2BKTV","official_catalog","3M Glass Finishes 2020-2021 Catalog","Travertine Black",""
"3M Fasara","Travertine SH2FGTV","3M FASARA|TRAVERTINE SH2FGTV","SH2FGTV","official_catalog","3M Glass Finishes 2020-2021 Catalog","Travertine",""
"3M Fasara","Tsurugi SH2FGTG","3M FASARA|TSURUGI SH2FGTG","SH2FGTG","official_catalog","3M Glass Finishes 2020-2021 Catalog","Tsurugi",""
"3M Fasara","Vega SH2FGVG","3M FASARA|VEGA SH2FGVG","SH2FGVG","official_catalog","3M Glass Finishes 2020-2021 Catalog","Vega",""
"3M Fasara","Venetian SH2FGVN","3M FASARA|VENETIAN SH2FGVN","SH2FGVN","official_catalog","3M Glass Finishes 2020-2021 Catalog","Venetian",""
"3M Fasara","Vista SH2FGVI","3M FASARA|VISTA SH2FGVI","SH2FGVI","official_catalog","3M Glass Finishes 2020-2021 Catalog","Vista",""
"3M Fasara","Weave Pearl + Dark Gray SH2EMWG","3M FASARA|WEAVE PEARL + DARK GRAY SH2EMWG","SH2EMWG","official_catalog","3M Glass Finishes 2020-2021 Catalog","Weave Pearl + Dark Gray",""
"3M Fasara","Weave Pearl SH2EMWP","3M FASARA|WEAVE PEARL SH2EMWP","SH2EMWP","official_catalog","3M Glass Finishes 2020-2021 Catalog","Weave Pearl",""
"3M Fasara","Whiteboard WH-111-G","3M FASARA|WHITEBOARD WH-111-G","WH-111-G","official_catalog","3M Glass Finishes 2020-2021 Catalog","Whiteboard",""
"3M Fasara","Wind SH2PTWD","3M FASARA|WIND SH2PTWD","SH2PTWD","official_catalog","3M Glass Finishes 2020-2021 Catalog","Wind",""
"3M Fasara","Yamato SH2PTYA","3M FASARA|YAMATO SH2PTYA","SH2PTYA","official_catalog","3M Glass Finishes 2020-2021 Catalog","Yamato",""
