manufacturer,film_name,film_key,notes
"3M Fasara","- Fasara Cloud Narrow Gray","3M FASARA|- FASARA CLOUD NARROW GRAY",""
"3M Fasara","""illumina BLACK (gradient) SH2BKIM","3M FASARA|""ILLUMINA BLACK (GRADIENT) SH2BKIM","AUTO_ADDED_FROM_INVENTORY_COUNT=1"
"3M Fasara","3532 3M Milano","3M FASARA|3532 3M MILANO",""
"3M Fasara","Acid Etch SXC-314","3M FASARA|ACID ETCH SXC-314","AUTO_ADDED_FROM_INVENTORY_COUNT=1"
"3M Fasara","Aerina SH2FGAR","3M FASARA|AERINA SH2FGAR","AUTO_ADDED_FROM_INVENTORY_COUNT=3"
"3M Fasara","ALTAIR SH2FGAT","3M FASARA|ALTAIR SH2FGAT","AUTO_ADDED_FROM_INVENTORY_COUNT=1"
"3M Fasara","Arpa Crystal SH2APCR","3M FASARA|ARPA CRYSTAL SH2APCR","AUTO_ADDED_FROM_INVENTORY_COUNT=1"
"3M Fasara","Arpa SH2FGAP","3M FASARA|ARPA SH2FGAP","AUTO_ADDED_FROM_INVENTORY_COUNT=2"
"3M Fasara","Astral Silver","3M FASARA|ASTRAL SILVER",""
"3M Fasara","AURA 9 SH2PCA9","3M FASARA|AURA 9 SH2PCA9","AUTO_ADDED_FROM_INVENTORY_COUNT=1"
"3M Fasara","Bird Divert","3M FASARA|BIRD DIVERT",""
"3M Fasara","Black Blockout Matte 3635-22B","3M FASARA|BLACK BLOCKOUT MATTE 3635-22B",""
"3M Fasara","Black Electrocut 7725-12","3M FASARA|BLACK ELECTROCUT 7725-12",""
"3M Fasara","Border Leise Horiz. SH2FGLS","3M FASARA|BORDER LEISE HORIZ. SH2FGLS","AUTO_ADDED_FROM_INVENTORY_COUNT=5"
"3M Fasara","Border Paracell Horizontal SH2FGPR","3M FASARA|BORDER PARACELL HORIZONTAL SH2FGPR","AUTO_ADDED_FROM_INVENTORY_COUNT=2"
"3M Fasara","Buck Pearl + Gray SH2FGBUG","3M FASARA|BUCK PEARL + GRAY SH2FGBUG","AUTO_ADDED_FROM_INVENTORY_COUNT=1"
"3M Fasara","Chamonix","3M FASARA|CHAMONIX",""
"3M Fasara","Chamonix SH2EMCH","3M FASARA|CHAMONIX SH2EMCH",""
"3M Fasara","Cielo","3M FASARA|CIELO",""
"3M Fasara","Cielo SH2FGCE","3M FASARA|CIELO SH2FGCE","AUTO_ADDED_FROM_INVENTORY_COUNT=1"
"3M Fasara","Cloud Narrow Lt. gray","3M FASARA|CLOUD NARROW LT. GRAY",""
"3M Fasara","Cloud SH2FGCL","3M FASARA|CLOUD SH2FGCL","AUTO_ADDED_FROM_INVENTORY_COUNT=1"
"3M Fasara","CLOUD SH2FGL","3M FASARA|CLOUD SH2FGL","AUTO_ADDED_FROM_INVENTORY_COUNT=1"
"3M Fasara","Cross Hairline Sucre SH2CHSC","3M FASARA|CROSS HAIRLINE SUCRE SH2CHSC","AUTO_ADDED_FROM_INVENTORY_COUNT=1"
"3M Fasara","Dusted Crystal","3M FASARA|DUSTED CRYSTAL",""
"3M Fasara","Emboss Cross Hairline Matte Light Gray SH2CHMAL","3M FASARA|EMBOSS CROSS HAIRLINE MATTE LIGHT GRAY SH2CHMAL","AUTO_ADDED_FROM_INVENTORY_COUNT=1"
"3M Fasara","Emboss-Hairline Matte SH2HLMA","3M FASARA|EMBOSS-HAIRLINE MATTE SH2HLMA","AUTO_ADDED_FROM_INVENTORY_COUNT=2"
"3M Fasara","Essen SH2EMES","3M FASARA|ESSEN SH2EMES","AUTO_ADDED_FROM_INVENTORY_COUNT=2"
"3M Fasara","Fabric Sagano SH2PTSA2","3M FASARA|FABRIC SAGANO SH2PTSA2","AUTO_ADDED_FROM_INVENTORY_COUNT=1"
"3M Fasara","Fabric Weave Pearl Dk Gray SH2EMWG","3M FASARA|FABRIC WEAVE PEARL DK GRAY SH2EMWG","AUTO_ADDED_FROM_INVENTORY_COUNT=1"
"3M Fasara","Fabric-Sensai Linen Champagne Gold SH2CSSEC","3M FASARA|FABRIC-SENSAI LINEN CHAMPAGNE GOLD SH2CSSEC","AUTO_ADDED_FROM_INVENTORY_COUNT=4"
"3M Fasara","Feather Friendly Harmony","3M FASARA|FEATHER FRIENDLY HARMONY",""
"3M Fasara","Feather Friendly Horizon","3M FASARA|FEATHER FRIENDLY HORIZON",""
"3M Fasara","FEATHER FRIENDLY RAIN","3M FASARA|FEATHER FRIENDLY RAIN",""
"3M Fasara","Feather Friendly Symmetry","3M FASARA|FEATHER FRIENDLY SYMMETRY",""
"3M Fasara","Fine Crystal SH2FNCR","3M FASARA|FINE CRYSTAL SH2FNCR","AUTO_ADDED_FROM_INVENTORY_COUNT=8"
"3M Fasara","Frost Opaque Black SH2BKOP","3M FASARA|FROST OPAQUE BLACK SH2BKOP","AUTO_ADDED_FROM_INVENTORY_COUNT=1"
"3M Fasara","Frost Opaque White SH2MAOW","3M FASARA|FROST OPAQUE WHITE SH2MAOW","AUTO_ADDED_FROM_INVENTORY_COUNT=7"
"3M Fasara","Frost Walnut Smoke SH2PTFWS","3M FASARA|FROST WALNUT SMOKE SH2PTFWS","AUTO_ADDED_FROM_INVENTORY_COUNT=1"
"3M Fasara","Frosted Crystal","3M FASARA|FROSTED CRYSTAL",""
"3M Fasara","Frosted Crystal 7725-324","3M FASARA|FROSTED CRYSTAL 7725-324",""
"3M Fasara","FROSTED CRYSTAL60""","3M FASARA|FROSTED CRYSTAL60""",""
"3M Fasara","Fusion Pearl SH2CSFP","3M FASARA|FUSION PEARL SH2CSFP","AUTO_ADDED_FROM_INVENTORY_COUNT=2"
"3M Fasara","Glace","3M FASARA|GLACE",""
"3M Fasara","Glace SH2MAGL","3M FASARA|GLACE SH2MAGL","AUTO_ADDED_FROM_INVENTORY_COUNT=21"
"3M Fasara","Gradient Sabrina SH2FGSB","3M FASARA|GRADIENT SABRINA SH2FGSB","AUTO_ADDED_FROM_INVENTORY_COUNT=1"
"3M Fasara","Grain Silver SH2CSGS","3M FASARA|GRAIN SILVER SH2CSGS","AUTO_ADDED_FROM_INVENTORY_COUNT=1"
"3M Fasara","Illumina Glace Dots","3M FASARA|ILLUMINA GLACE DOTS",""
"3M Fasara","Illumina Glace Dots SH2FGIM","3M FASARA|ILLUMINA GLACE DOTS SH2FGIM","AUTO_ADDED_FROM_INVENTORY_COUNT=2"
"3M Fasara","Lausanne","3M FASARA|LAUSANNE",""
"3M Fasara","Lausanne SH2EMLA","3M FASARA|LAUSANNE SH2EMLA","AUTO_ADDED_FROM_INVENTORY_COUNT=3"
"3M Fasara","Linen SH2FGLN","3M FASARA|LINEN SH2FGLN","AUTO_ADDED_FROM_INVENTORY_COUNT=2"
"3M Fasara","Lontano SH2FGLO","3M FASARA|LONTANO SH2FGLO","AUTO_ADDED_FROM_INVENTORY_COUNT=1"
"3M Fasara","Luce","3M FASARA|LUCE",""
"3M Fasara","Luce SH2FGLU","3M FASARA|LUCE SH2FGLU","AUTO_ADDED_FROM_INVENTORY_COUNT=3"
"3M Fasara","Luna 6","3M FASARA|LUNA 6",""
"3M Fasara","Luna 9","3M FASARA|LUNA 9",""
"3M Fasara","Mare SH2FGMR","3M FASARA|MARE SH2FGMR","AUTO_ADDED_FROM_INVENTORY_COUNT=5"
"3M Fasara","Mat Crystal SH2MACR-I","3M FASARA|MAT CRYSTAL SH2MACR-I","AUTO_ADDED_FROM_INVENTORY_COUNT=7"
"3M Fasara","Matte Crystal -L-2","3M FASARA|MATTE CRYSTAL -L-2",""
"3M Fasara","Matte Crystal SH2MACR1","3M FASARA|MATTE CRYSTAL SH2MACR1","AUTO_ADDED_FROM_INVENTORY_COUNT=6"
"3M Fasara","Matte Crystal SH2MACRX2","3M FASARA|MATTE CRYSTAL SH2MACRX2","AUTO_ADDED_FROM_INVENTORY_COUNT=1"
"3M Fasara","Milano","3M FASARA|MILANO",""
"3M Fasara","Milano Milky White SH2MAML","3M FASARA|MILANO MILKY WHITE SH2MAML",""
"3M Fasara","Milky Crystal SH2MLCRX","3M FASARA|MILKY CRYSTAL SH2MLCRX","AUTO_ADDED_FROM_INVENTORY_COUNT=6"
"3M Fasara","Milky Crystal SHMLCRX","3M FASARA|MILKY CRYSTAL SHMLCRX",""
"3M Fasara","Milky Crystal SHMLRX 50","3M FASARA|MILKY CRYSTAL SHMLRX 50",""
"3M Fasara","Milky Milky Blue Gray SH2MAMMB","3M FASARA|MILKY MILKY BLUE GRAY SH2MAMMB",""
"3M Fasara","Mist-W SH2FGMI-W","3M FASARA|MIST-W SH2FGMI-W",""
"3M Fasara","Oslo SH2EMOS","3M FASARA|OSLO SH2EMOS","AUTO_ADDED_FROM_INVENTORY_COUNT=3"
"3M Fasara","PRISM SILVER SH2CSPS","3M FASARA|PRISM SILVER SH2CSPS","AUTO_ADDED_FROM_INVENTORY_COUNT=1"
"3M Fasara","Rikyu SH2PTRK","3M FASARA|RIKYU SH2PTRK","AUTO_ADDED_FROM_INVENTORY_COUNT=1"
"3M Fasara","RIKYU SH2TPTRK","3M FASARA|RIKYU SH2TPTRK","AUTO_ADDED_FROM_INVENTORY_COUNT=1"
"3M Fasara","Sagano","3M FASARA|SAGANO",""
"3M Fasara","San Marino","3M FASARA|SAN MARINO",""
"3M Fasara","San Marino Milky Milky Dark Gray SH2MAMMD","3M FASARA|SAN MARINO MILKY MILKY DARK GRAY SH2MAMMD","AUTO_ADDED_FROM_INVENTORY_COUNT=1"
"3M Fasara","San Marino Milky Milky SH2MAMM","3M FASARA|SAN MARINO MILKY MILKY SH2MAMM",""
"3M Fasara","Seattle","3M FASARA|SEATTLE",""
"3M Fasara","SH2-MAMM San Marino Milky Milky","3M FASARA|SH2-MAMM SAN MARINO MILKY MILKY","AUTO_ADDED_FROM_INVENTORY_COUNT=1"
"3M Fasara","SH2EMOS","3M FASARA|SH2EMOS","AUTO_ADDED_FROM_INVENTORY_COUNT=1"
"3M Fasara","SH2FGCN Cloud Narrow White","3M FASARA|SH2FGCN CLOUD NARROW WHITE","AUTO_ADDED_FROM_INVENTORY_COUNT=8"
"3M Fasara","Shutie Vertical SH2FGST","3M FASARA|SHUTIE VERTICAL SH2FGST","AUTO_ADDED_FROM_INVENTORY_COUNT=6"
"3M Fasara","Slat Horizontal SH2FGSL","3M FASARA|SLAT HORIZONTAL SH2FGSL","AUTO_ADDED_FROM_INVENTORY_COUNT=2"
"3M Fasara","Straight Washi","3M FASARA|STRAIGHT WASHI",""
"3M Fasara","Straight Washi SH2FGSW","3M FASARA|STRAIGHT WASHI SH2FGSW","AUTO_ADDED_FROM_INVENTORY_COUNT=5"
"3M Fasara","Stripe Safari SH2PTSR","3M FASARA|STRIPE SAFARI SH2PTSR","AUTO_ADDED_FROM_INVENTORY_COUNT=3"
"3M Fasara","Stripe-Fine Vertical SH2FGFN","3M FASARA|STRIPE-FINE VERTICAL SH2FGFN","AUTO_ADDED_FROM_INVENTORY_COUNT=1"
"3M Fasara","Venetian","3M FASARA|VENETIAN",""
"3M Fasara","Venetian SH2FGVN","3M FASARA|VENETIAN SH2FGVN","AUTO_ADDED_FROM_INVENTORY_COUNT=1"
"3M Fasara","Vista Dot SH2FGVI","3M FASARA|VISTA DOT SH2FGVI","AUTO_ADDED_FROM_INVENTORY_COUNT=1"
"3M Fasara","Weave Pearl SH2EMWP","3M FASARA|WEAVE PEARL SH2EMWP","AUTO_ADDED_FROM_INVENTORY_COUNT=1"
"3M Fasara","Wind","3M FASARA|WIND",""
"3M Fasara","Wind SH2PTWD","3M FASARA|WIND SH2PTWD","AUTO_ADDED_FROM_INVENTORY_COUNT=2"
"3M Fasara","Yamato","3M FASARA|YAMATO",""
"3M Fasara","Yamato SH2PTYA","3M FASARA|YAMATO SH2PTYA","AUTO_ADDED_FROM_INVENTORY_COUNT=1"
"3M Solar","3031 3M PR40X","3M SOLAR|3031 3M PR40X",""
"3M Solar","3675 3M PR40X","3M SOLAR|3675 3M PR40X",""
"3M Solar","A189 3M Obsidian 5","3M SOLAR|A189 3M OBSIDIAN 5",""
"3M Solar","Affinity 15","3M SOLAR|AFFINITY 15","AUTO_ADDED_FROM_INVENTORY_COUNT=19"
"3M Solar","Affinity 30","3M SOLAR|AFFINITY 30","AUTO_ADDED_FROM_INVENTORY_COUNT=6"
"3M Solar","Amber 35","3M SOLAR|AMBER 35",""
"3M Solar","Amber Low E 20","3M SOLAR|AMBER LOW E 20",""
"3M Solar","Amber Low E 35","3M SOLAR|AMBER LOW E 35",""
"3M Solar","BLACK BLOCK OUT GLOSSY","3M SOLAR|BLACK BLOCK OUT GLOSSY",""
"3M Solar","BLACK CAULK","3M SOLAR|BLACK CAULK","non_film_consumable:auto_tagged_2026-03-18"
"3M Solar","Black IPA caulk","3M SOLAR|BLACK IPA CAULK","non_film_consumable:auto_tagged_2026-03-18"
"3M Solar","Blaze","3M SOLAR|BLAZE",""
"3M Solar","Bronze Caulk","3M SOLAR|BRONZE CAULK","non_film_consumable:auto_tagged_2026-03-18"
"3M Solar","Ceramic 40","3M SOLAR|CERAMIC 40",""
"3M Solar","Ceramic 50","3M SOLAR|CERAMIC 50",""
"3M Solar","Ceramic 70%","3M SOLAR|CERAMIC 70%",""
"3M Solar","CMIR","3M SOLAR|CMIR",""
"3M Solar","CMIR 15%","3M SOLAR|CMIR 15%",""
"3M Solar","CMIR 25%","3M SOLAR|CMIR 25%",""
"3M Solar","CMIR 5%","3M SOLAR|CMIR 5%",""
"3M Solar","Color Stable 20% CS20","3M SOLAR|COLOR STABLE 20% CS20",""
"3M Solar","Controltac 180MC41 Dk. Gray","3M SOLAR|CONTROLTAC 180MC41 DK. GRAY",""
"3M Solar","DR 18 Cool","3M SOLAR|DR 18 COOL",""
"3M Solar","Dusted Crystal (7725-314)","3M SOLAR|DUSTED CRYSTAL (7725-314)",""
"3M Solar","Dusted Crystal 48"" (1 of 2)","3M SOLAR|DUSTED CRYSTAL 48"" (1 OF 2)",""
"3M Solar","Dusted Crystal 48"" (2 of 2)","3M SOLAR|DUSTED CRYSTAL 48"" (2 OF 2)",""
"3M Solar","Essen (SH2EMES)","3M SOLAR|ESSEN (SH2EMES)",""
"3M Solar","Frosted Crystal (7725-324)","3M SOLAR|FROSTED CRYSTAL (7725-324)",""
"3M Solar","Frosted Crystal 7725-324","3M SOLAR|FROSTED CRYSTAL 7725-324",""
"3M Solar","IPA Black","3M SOLAR|IPA BLACK","non_film_consumable:auto_tagged_2026-03-18"
"3M Solar","IPA White","3M SOLAR|IPA WHITE","non_film_consumable:auto_tagged_2026-03-18"
"3M Solar","LE 20","3M SOLAR|LE 20",""
"3M Solar","LOW E 35","3M SOLAR|LOW E 35",""
"3M Solar","Low E Silver 35","3M SOLAR|LOW E SILVER 35",""
"3M Solar","M224 3M Silver 15 EXT","3M SOLAR|M224 3M SILVER 15 EXT",""
"3M Solar","M431 3M Straight Washi","3M SOLAR|M431 3M STRAIGHT WASHI",""
"3M Solar","Matte Crystal EXT","3M SOLAR|MATTE CRYSTAL EXT",""
"3M Solar","Neutral 50 RE50NEARL","3M SOLAR|NEUTRAL 50 RE50NEARL",""
"3M Solar","Night Vision 15 (NV15)","3M SOLAR|NIGHT VISION 15 (NV15)","AUTO_ADDED_FROM_INVENTORY_COUNT=1 | AUTO_ADDED_FROM_INVENTORY_COUNT=65"
"3M Solar","Night Vision 25 (NV25)","3M SOLAR|NIGHT VISION 25 (NV25)","AUTO_ADDED_FROM_INVENTORY_COUNT=34 | AUTO_ADDED_FROM_INVENTORY_COUNT=2"
"3M Solar","Night Vision 35 (NV35)","3M SOLAR|NIGHT VISION 35 (NV35)","AUTO_ADDED_FROM_INVENTORY_COUNT=3"
"3M Solar","Prestige 20","3M SOLAR|PRESTIGE 20","AUTO_ADDED_FROM_INVENTORY_COUNT=15"
"3M Solar","Prestige 20 Exterior","3M SOLAR|PRESTIGE 20 EXTERIOR","AUTO_ADDED_FROM_INVENTORY_COUNT=1 | AUTO_ADDED_FROM_INVENTORY_COUNT=15"
"3M Solar","Prestige 40","3M SOLAR|PRESTIGE 40","AUTO_ADDED_FROM_INVENTORY_COUNT=10 | AUTO_ADDED_FROM_INVENTORY_COUNT=5"
"3M Solar","Prestige 40 Exterior","3M SOLAR|PRESTIGE 40 EXTERIOR","AUTO_ADDED_FROM_INVENTORY_COUNT=18"
"3M Solar","Prestige 50","3M SOLAR|PRESTIGE 50","AUTO_ADDED_FROM_INVENTORY_COUNT=48 | AUTO_ADDED_FROM_INVENTORY_COUNT=1"
"3M Solar","Prestige 50 Exterior","3M SOLAR|PRESTIGE 50 EXTERIOR","AUTO_ADDED_FROM_INVENTORY_COUNT=4"
"3M Solar","Prestige 60","3M SOLAR|PRESTIGE 60","AUTO_ADDED_FROM_INVENTORY_COUNT=1 | AUTO_ADDED_FROM_INVENTORY_COUNT=11"
"3M Solar","Prestige 60 Exterior","3M SOLAR|PRESTIGE 60 EXTERIOR","AUTO_ADDED_FROM_INVENTORY_COUNT=2"
"3M Solar","Prestige 70","3M SOLAR|PRESTIGE 70","AUTO_ADDED_FROM_INVENTORY_COUNT=68 | AUTO_ADDED_FROM_INVENTORY_COUNT=1"
"3M Solar","Prestige 70 Exterior","3M SOLAR|PRESTIGE 70 EXTERIOR","AUTO_ADDED_FROM_INVENTORY_COUNT=21"
"3M Solar","Prestige 90 Exterior","3M SOLAR|PRESTIGE 90 EXTERIOR","AUTO_ADDED_FROM_INVENTORY_COUNT=3"
"3M Solar","RE35NEARL","3M SOLAR|RE35NEARL",""
"3M Solar","REX15 Silver","3M SOLAR|REX15 SILVER",""
"3M Solar","S40 Clear","3M SOLAR|S40 CLEAR","AUTO_ADDED_FROM_INVENTORY_COUNT=1"
"3M Solar","S70X","3M SOLAR|S70X",""
"3M Solar","S80","3M SOLAR|S80","AUTO_ADDED_FROM_INVENTORY_COUNT=3"
"3M Solar","SAM MARINO MILKY MILKY","3M SOLAR|SAM MARINO MILKY MILKY",""
"3M Solar","Security 8MII Clear 72"" 3M","3M SOLAR|SECURITY 8MII CLEAR 72"" 3M",""
"3M Solar","Silver 15 Exterior","3M SOLAR|SILVER 15 EXTERIOR",""
"3M Solar","Silver 20 60"" MISSING","3M SOLAR|SILVER 20 60"" MISSING",""
"3M Solar","Silver P-18","3M SOLAR|SILVER P-18",""
"3M Solar","Thinsulate 75","3M SOLAR|THINSULATE 75","AUTO_ADDED_FROM_INVENTORY_COUNT=7"
"3M Solar","Tram Duranod IL","3M SOLAR|TRAM DURANOD IL",""
"3M Solar","White Blockout Matte","3M SOLAR|WHITE BLOCKOUT MATTE",""
"3M Solar","White Blockout Matte 3635-20","3M SOLAR|WHITE BLOCKOUT MATTE 3635-20",""
"3M Solar","White IPA Caulk","3M SOLAR|WHITE IPA CAULK","non_film_consumable:auto_tagged_2026-03-18"
"3M Solar","White Scotchcal","3M SOLAR|WHITE SCOTCHCAL",""
"ASWFVKOOL","ASWF BLACK OPAQUE","ASWFVKOOL|ASWF BLACK OPAQUE",""
"ASWFVKOOL","ASWF Blackout","ASWFVKOOL|ASWF BLACKOUT",""
"ASWFVKOOL","ASWF FROST REMOVABLE","ASWFVKOOL|ASWF FROST REMOVABLE",""
"ASWFVKOOL","ASWF REMOVABLE WHITE FROST","ASWFVKOOL|ASWF REMOVABLE WHITE FROST",""
"ASWFVKOOL","ASWF REMOVABLKE WHITE FROST","ASWFVKOOL|ASWF REMOVABLKE WHITE FROST",""
"ASWFVKOOL","ASWF WHITE OPAQUE","ASWFVKOOL|ASWF WHITE OPAQUE",""
"ASWFVKOOL","Madico BL 200 PS","ASWFVKOOL|MADICO BL 200 PS",""
"ASWFVKOOL","Madico Blister Free","ASWFVKOOL|MADICO BLISTER FREE",""
"ASWFVKOOL","Madico Bronze 20","ASWFVKOOL|MADICO BRONZE 20",""
"ASWFVKOOL","Madico Decorator Optivision 25","ASWFVKOOL|MADICO DECORATOR OPTIVISION 25",""
"ASWFVKOOL","Madico Graffiti Free 600PS","ASWFVKOOL|MADICO GRAFFITI FREE 600PS",""
"ASWFVKOOL","Madico RS 20 DA SR","ASWFVKOOL|MADICO RS 20 DA SR",""
"ASWFVKOOL","Madico SG 55 DA","ASWFVKOOL|MADICO SG 55 DA",""
"ASWFVKOOL","Madico SL 18 DA SR 72'","ASWFVKOOL|MADICO SL 18 DA SR 72'",""
"ASWFVKOOL","Madico SL 28 DA SR","ASWFVKOOL|MADICO SL 28 DA SR",""
"ASWFVKOOL","Purelite 40 DA","ASWFVKOOL|PURELITE 40 DA",""
"ASWFVKOOL","V-Kool VK 40","ASWFVKOOL|V-KOOL VK 40",""
"ASWFVKOOL","V-Kool VK 70","ASWFVKOOL|V-KOOL VK 70",""
"Avery Dennison","- Silver 20 XRTM Exterior","AVERY DENNISON|- SILVER 20 XRTM EXTERIOR",""
"Avery Dennison","AV Vela","AVERY DENNISON|AV VELA",""
"Avery Dennison","AveryDS UV Filter","AVERY DENNISON|AVERYDS UV FILTER",""
"Avery Dennison","Blackout","AVERY DENNISON|BLACKOUT",""
"Avery Dennison","Blue Sandstone","AVERY DENNISON|BLUE SANDSTONE",""
"Avery Dennison","Bronze 20 Ext.","AVERY DENNISON|BRONZE 20 EXT.",""
"Avery Dennison","Ceramic Neutral Perlite 50","AVERY DENNISON|CERAMIC NEUTRAL PERLITE 50",""
"Avery Dennison","Ceramic Perlite 70","AVERY DENNISON|CERAMIC PERLITE 70",""
"Avery Dennison","DR Grey 10X","AVERY DENNISON|DR GREY 10X",""
"Avery Dennison","DR GREY 20","AVERY DENNISON|DR GREY 20",""
"Avery Dennison","DR Grey 20X","AVERY DENNISON|DR GREY 20X",""
"Avery Dennison","DR Grey 35X","AVERY DENNISON|DR GREY 35X",""
"Avery Dennison","DR Grey 50X","AVERY DENNISON|DR GREY 50X",""
"Avery Dennison","DR Grey EXT 10","AVERY DENNISON|DR GREY EXT 10",""
"Avery Dennison","DS Black","AVERY DENNISON|DS BLACK",""
"Avery Dennison","E-lite 45","AVERY DENNISON|E-LITE 45",""
"Avery Dennison","E-Lite 45 EXT","AVERY DENNISON|E-LITE 45 EXT",""
"Avery Dennison","E-Lite 70","AVERY DENNISON|E-LITE 70",""
"Avery Dennison","E-Lite 70X","AVERY DENNISON|E-LITE 70X",""
"Avery Dennison","ELite 70","AVERY DENNISON|ELITE 70",""
"Avery Dennison","Etchmark","AVERY DENNISON|ETCHMARK",""
"Avery Dennison","Ex Silver 20","AVERY DENNISON|EX SILVER 20",""
"Avery Dennison","HT ELITE","AVERY DENNISON|HT ELITE",""
"Avery Dennison","HT LITE 70","AVERY DENNISON|HT LITE 70",""
"Avery Dennison","M3204 Avery Optitune 05","AVERY DENNISON|M3204 AVERY OPTITUNE 05",""
"Avery Dennison","M337 Avery Natura 05","AVERY DENNISON|M337 AVERY NATURA 05",""
"Avery Dennison","M3647 Avery Optitune 05","AVERY DENNISON|M3647 AVERY OPTITUNE 05",""
"Avery Dennison","Matte PPF","AVERY DENNISON|MATTE PPF",""
"Avery Dennison","Matte White","AVERY DENNISON|MATTE WHITE",""
"Avery Dennison","Natura 15","AVERY DENNISON|NATURA 15",""
"Avery Dennison","Natura 30","AVERY DENNISON|NATURA 30",""
"Avery Dennison","Natura 5","AVERY DENNISON|NATURA 5",""
"Avery Dennison","Natura 5 RC0559102","AVERY DENNISON|NATURA 5 RC0559102",""
"Avery Dennison","Natura 7","AVERY DENNISON|NATURA 7",""
"Avery Dennison","Neutral Perlite 35","AVERY DENNISON|NEUTRAL PERLITE 35",""
"Avery Dennison","Neutral Perlite 50","AVERY DENNISON|NEUTRAL PERLITE 50",""
"Avery Dennison","Neutral Perlite 70","AVERY DENNISON|NEUTRAL PERLITE 70",""
"Avery Dennison","Optishade 15","AVERY DENNISON|OPTISHADE 15",""
"Avery Dennison","Optishade 25","AVERY DENNISON|OPTISHADE 25",""
"Avery Dennison","Optishade 35","AVERY DENNISON|OPTISHADE 35",""
"Avery Dennison","Optitune 05","AVERY DENNISON|OPTITUNE 05","AUTO_ADDED_FROM_INVENTORY_COUNT=31"
"Avery Dennison","Optitune 15","AVERY DENNISON|OPTITUNE 15",""
"Avery Dennison","Optitune 20","AVERY DENNISON|OPTITUNE 20",""
"Avery Dennison","Optitune 30","AVERY DENNISON|OPTITUNE 30",""
"Avery Dennison","Optitune 40","AVERY DENNISON|OPTITUNE 40",""
"Avery Dennison","Optitune 5","AVERY DENNISON|OPTITUNE 5",""
"Avery Dennison","Perlite 20","AVERY DENNISON|PERLITE 20",""
"Avery Dennison","Perlite 50","AVERY DENNISON|PERLITE 50",""
"Avery Dennison","Perlite 70","AVERY DENNISON|PERLITE 70",""
"Avery Dennison","R Optishade 15i","AVERY DENNISON|R OPTISHADE 15I",""
"Avery Dennison","R Silver 20X Poly","AVERY DENNISON|R SILVER 20X POLY",""
"Avery Dennison","SC5861 Etchmark","AVERY DENNISON|SC5861 ETCHMARK",""
"Avery Dennison","Silver 20","AVERY DENNISON|SILVER 20",""
"Avery Dennison","Silver 20 EXTRM (exterior)","AVERY DENNISON|SILVER 20 EXTRM (EXTERIOR)",""
"Avery Dennison","Silver 20 Poly EXT","AVERY DENNISON|SILVER 20 POLY EXT",""
"Avery Dennison","Skylight Silver Xtra","AVERY DENNISON|SKYLIGHT SILVER XTRA",""
"Avery Dennison","Skylite 20 XTRM","AVERY DENNISON|SKYLITE 20 XTRM",""
"Avery Dennison","SkyLite 20 XTRM Poly","AVERY DENNISON|SKYLITE 20 XTRM POLY",""
"Avery Dennison","Skylite 20 XTRM R178X15","AVERY DENNISON|SKYLITE 20 XTRM R178X15",""
"Avery Dennison","Solar Steel 35X","AVERY DENNISON|SOLAR STEEL 35X",""
"Avery Dennison","Titan 07","AVERY DENNISON|TITAN 07",""
"Avery Dennison","Titan 20","AVERY DENNISON|TITAN 20",""
"Avery Dennison","Titan 7 Xtra","AVERY DENNISON|TITAN 7 XTRA",""
"Avery Dennison","White Matte A.D.","AVERY DENNISON|WHITE MATTE A.D.",""
"Avery Dennison","WhiteOut","AVERY DENNISON|WHITEOUT",""
"Avery Dennison","XTRM Skylite SX20","AVERY DENNISON|XTRM SKYLITE SX20","AUTO_ADDED_FROM_INVENTORY_COUNT=1"
"Di-Noc","3M Di-Noc AE-1913MT","DI-NOC|3M DI-NOC AE-1913MT",""
"Di-Noc","3M Di-Noc Carbon Black CA421","DI-NOC|3M DI-NOC CARBON BLACK CA421",""
"Di-Noc","3M Di-Noc Fine Wood","DI-NOC|3M DI-NOC FINE WOOD",""
"Di-Noc","3M Di-Noc Fine Wood Bronco Teak FW1272","DI-NOC|3M DI-NOC FINE WOOD BRONCO TEAK FW1272",""
"Di-Noc","3M Di-Noc Fine Wood-1771H","DI-NOC|3M DI-NOC FINE WOOD-1771H",""
"Di-Noc","3M DI-NOC FINE WOOD-COLOGNE WALNUT FW1751","DI-NOC|3M DI-NOC FINE WOOD-COLOGNE WALNUT FW1751",""
"Di-Noc","3M Di-Noc High Gloss Fire Brick HG1511","DI-NOC|3M DI-NOC HIGH GLOSS FIRE BRICK HG1511",""
"Di-Noc","3M DI-NOC OYSTER LINEN F473","DI-NOC|3M DI-NOC OYSTER LINEN F473",""
"Di-Noc","3M Di-Noc PS1183 (192')","DI-NOC|3M DI-NOC PS1183 (192')",""
"Di-Noc","3M Di-Noc PS1870MT Single Color Matte-Black","DI-NOC|3M DI-NOC PS1870MT SINGLE COLOR MATTE-BLACK",""
"Di-Noc","3M Di-Noc Wood Grain Ext. WG1044EX","DI-NOC|3M DI-NOC WOOD GRAIN EXT. WG1044EX",""
"Di-Noc","3M Di-Noc Wood Grain-1147","DI-NOC|3M DI-NOC WOOD GRAIN-1147",""
"Di-Noc","3M DiNoc Wood Grain Cherry WG1846","DI-NOC|3M DINOC WOOD GRAIN CHERRY WG1846",""
"Di-Noc","3MDINOC MATTE BREEN WALNUT DW1882MT","DI-NOC|3MDINOC MATTE BREEN WALNUT DW1882MT",""
"Di-Noc","Di-Noc Dry Woods 1898","DI-NOC|DI-NOC DRY WOODS 1898",""
"Di-Noc","DI-NOC OYSTER LINEN F473","DI-NOC|DI-NOC OYSTER LINEN F473",""
"Di-Noc","DI-NOC PS-959","DI-NOC|DI-NOC PS-959",""
"Di-Noc","Di-Noc Stone","DI-NOC|DI-NOC STONE",""
"Di-Noc","DI-NOC Stone AE1636","DI-NOC|DI-NOC STONE AE1636",""
"Di-Noc","Di-Noc Wood Grain 2088","DI-NOC|DI-NOC WOOD GRAIN 2088",""
"Llumar","100% White Out","LLUMAR|100% WHITE OUT",""
"Llumar","3258 - LLUMAR MIST","LLUMAR|3258 - LLUMAR MIST",""
"Llumar","A176 Llumar ATC 05","LLUMAR|A176 LLUMAR ATC 05",""
"Llumar","A177 Llumar IRX 05","LLUMAR|A177 LLUMAR IRX 05",""
"Llumar","A179 Llumar ATC 35","LLUMAR|A179 LLUMAR ATC 35",""
"Llumar","ATC 20%","LLUMAR|ATC 20%",""
"Llumar","ATC 30%","LLUMAR|ATC 30%",""
"Llumar","ATC 35%","LLUMAR|ATC 35%",""
"Llumar","ATC 5%","LLUMAR|ATC 5%",""
"Llumar","ATC 50%","LLUMAR|ATC 50%",""
"Llumar","Bronze (NRMB PS2)","LLUMAR|BRONZE (NRMB PS2)",""
"Llumar","CTX 25%","LLUMAR|CTX 25%",""
"Llumar","CTX 35%","LLUMAR|CTX 35%",""
"Llumar","CTX 5%","LLUMAR|CTX 5%",""
"Llumar","CTX 50%","LLUMAR|CTX 50%",""
"Llumar","Deco Blue","LLUMAR|DECO BLUE",""
"Llumar","DR 15","LLUMAR|DR 15",""
"Llumar","DR 25","LLUMAR|DR 25",""
"Llumar","DR-05","LLUMAR|DR-05",""
"Llumar","DR-35","LLUMAR|DR-35",""
"Llumar","DR35","LLUMAR|DR35",""
"Llumar","Dusk","LLUMAR|DUSK",""
"Llumar","Dusted Crystal (NRMV80DC PS3)","LLUMAR|DUSTED CRYSTAL (NRMV80DC PS3)",""
"Llumar","Etched Frost (NRMV60F PS3)","LLUMAR|ETCHED FROST (NRMV60F PS3)",""
"Llumar","Etched Frost NRMV60FPS3","LLUMAR|ETCHED FROST NRMV60FPS3","AUTO_ADDED_FROM_INVENTORY_COUNT=3"
"Llumar","Frost (NRM PS2)","LLUMAR|FROST (NRM PS2)",""
"Llumar","Frost Matte Snow","LLUMAR|FROST MATTE SNOW",""
"Llumar","Frost NRMPS2","LLUMAR|FROST NRMPS2",""
"Llumar","FROSTED SPARKLE","LLUMAR|FROSTED SPARKLE",""
"Llumar","Glacier NRM55 PS4","LLUMAR|GLACIER NRM55 PS4","AUTO_ADDED_FROM_INVENTORY_COUNT=2"
"Llumar","IRX 5%","LLUMAR|IRX 5%",""
"Llumar","IRX 50%","LLUMAR|IRX 50%",""
"Llumar","Mini Dots GRADIENT","LLUMAR|MINI DOTS GRADIENT",""
"Llumar","N1020","LLUMAR|N1020",""
"Llumar","N1020B SR CDF (Bronze)","LLUMAR|N1020B SR CDF (BRONZE)",""
"Llumar","N1035B SR CDF (Bronze)","LLUMAR|N1035B SR CDF (BRONZE)",""
"Llumar","N1050","LLUMAR|N1050",""
"Llumar","N1065 SR CDF (Neutral)","LLUMAR|N1065 SR CDF (NEUTRAL)",""
"Llumar","NHE 1020","LLUMAR|NHE 1020",""
"Llumar","One Way Mirror","LLUMAR|ONE WAY MIRROR",""
"Llumar","OPAQUE BLACK","LLUMAR|OPAQUE BLACK",""
"Llumar","PS13","LLUMAR|PS13",""
"Llumar","R15 GO","LLUMAR|R15 GO",""
"Llumar","R20","LLUMAR|R20",""
"Llumar","R35","LLUMAR|R35",""
"Llumar","RMS-PS 2","LLUMAR|RMS-PS 2",""
"Llumar","RN 07","LLUMAR|RN 07",""
"Llumar","RN 07 Refl. One Way Mirror","LLUMAR|RN 07 REFL. ONE WAY MIRROR",""
"Llumar","RN07","LLUMAR|RN07",""
"Llumar","SCL SR PS8 (Clear)","LLUMAR|SCL SR PS8 (CLEAR)",""
"Llumar","SILVER 20","LLUMAR|SILVER 20",""
"Llumar","Silver Sparkle","LLUMAR|SILVER SPARKLE",""
"Llumar","TH E-80 (The-80 blue)","LLUMAR|TH E-80 (THE-80 BLUE)",""
"Llumar","Uline One-Way Mirror","LLUMAR|ULINE ONE-WAY MIRROR",""
"Llumar","V 14","LLUMAR|V 14",""
"Llumar","V 18","LLUMAR|V 18",""
"Llumar","V 41","LLUMAR|V 41",""
"Llumar","V28","LLUMAR|V28","AUTO_ADDED_FROM_INVENTORY_COUNT=4"
"Llumar","V28 SR CDF","LLUMAR|V28 SR CDF","AUTO_ADDED_FROM_INVENTORY_COUNT=1"
"Llumar","V33","LLUMAR|V33",""
"Llumar","V45","LLUMAR|V45","AUTO_ADDED_FROM_INVENTORY_COUNT=7"
"Llumar","V51","LLUMAR|V51","AUTO_ADDED_FROM_INVENTORY_COUNT=1"
"Llumar","V58","LLUMAR|V58",""
"Llumar","Vista 58 (v58)","LLUMAR|VISTA 58 (V58)","AUTO_ADDED_FROM_INVENTORY_COUNT=10"
"Llumar","Vista 61","LLUMAR|VISTA 61",""
"Llumar","Vista Neutral 45","LLUMAR|VISTA NEUTRAL 45",""
"Llumar","VS 61","LLUMAR|VS 61",""
"Llumar","White (NRMW PS3)","LLUMAR|WHITE (NRMW PS3)","AUTO_ADDED_FROM_INVENTORY_COUNT=5"
"Llumar","White Matte","LLUMAR|WHITE MATTE",""
"Llumar","White NRMW PS","LLUMAR|WHITE NRMW PS","AUTO_ADDED_FROM_INVENTORY_COUNT=1"
"Madico","Optivision Reflective 15","MADICO|OPTIVISION REFLECTIVE 15",""
"Madico","Safetyshield 800 Optivision 15","MADICO|SAFETYSHIELD 800 OPTIVISION 15",""
"Security","15 MIL SAFETYSHIELD CLEAR","SECURITY|15 MIL SAFETYSHIELD CLEAR",""
"Security","3807 Safety Shield 800","SECURITY|3807 SAFETY SHIELD 800",""
"Security","3M 4 MIL","SECURITY|3M 4 MIL",""
"Security","3M 7 MIL Ext","SECURITY|3M 7 MIL EXT",""
"Security","3M 7 MIL Ext SH7CLARXL","SECURITY|3M 7 MIL EXT SH7CLARXL","AUTO_ADDED_FROM_INVENTORY_COUNT=1"
"Security","3M AG","SECURITY|3M AG",""
"Security","3M AG Clear 4 Mil ix","SECURITY|3M AG CLEAR 4 MIL IX",""
"Security","3M AG-4","SECURITY|3M AG-4",""
"Security","3M AG-6","SECURITY|3M AG-6",""
"Security","3M S140","SECURITY|3M S140","AUTO_ADDED_FROM_INVENTORY_COUNT=57"
"Security","3M S20 Silver","SECURITY|3M S20 SILVER","AUTO_ADDED_FROM_INVENTORY_COUNT=1"
"Security","3M S2400","SECURITY|3M S2400","AUTO_ADDED_FROM_INVENTORY_COUNT=25"
"Security","3M S40 Ext","SECURITY|3M S40 EXT","AUTO_ADDED_FROM_INVENTORY_COUNT=1"
"Security","3M S70","SECURITY|3M S70","AUTO_ADDED_FROM_INVENTORY_COUNT=31"
"Security","3M S80 (sh8sclarl)","SECURITY|3M S80 (SH8SCLARL)","AUTO_ADDED_FROM_INVENTORY_COUNT=1"
"Security","3M Safety S40 4 MIL","SECURITY|3M SAFETY S40 4 MIL","AUTO_ADDED_FROM_INVENTORY_COUNT=1"
"Security","3M Safety S80","SECURITY|3M SAFETY S80","AUTO_ADDED_FROM_INVENTORY_COUNT=1"
"Security","3M SH14CLARL 14 MIL","SECURITY|3M SH14CLARL 14 MIL",""
"Security","3M SH4 CLARXL Exterior 4 MIL","SECURITY|3M SH4 CLARXL EXTERIOR 4 MIL","AUTO_ADDED_FROM_INVENTORY_COUNT=1"
"Security","3M SH7 Ext 72""- B","SECURITY|3M SH7 EXT 72""- B","AUTO_ADDED_FROM_INVENTORY_COUNT=1"
"Security","3M SH7 Interior","SECURITY|3M SH7 INTERIOR","AUTO_ADDED_FROM_INVENTORY_COUNT=1"
"Security","3M Ultra Night Vision 25","SECURITY|3M ULTRA NIGHT VISION 25",""
"Security","3M Ultra Prestige 20","SECURITY|3M ULTRA PRESTIGE 20",""
"Security","3M Ultra Prestige 50","SECURITY|3M ULTRA PRESTIGE 50",""
"Security","3M Ultra Prestige 70","SECURITY|3M ULTRA PRESTIGE 70",""
"Security","3M Ultra S600","SECURITY|3M ULTRA S600",""
"Security","3M Ultra S800","SECURITY|3M ULTRA S800",""
"Security","7 MIL","SECURITY|7 MIL",""
"Security","AV Clear 7 MIL","SECURITY|AV CLEAR 7 MIL",""
"Security","AV Clear 7 MIL EXT","SECURITY|AV CLEAR 7 MIL EXT",""
"Security","Avery Dennison Anti Graf. Clear 6 MIL R173G3X","SECURITY|AVERY DENNISON ANTI GRAF. CLEAR 6 MIL R173G3X",""
"Security","Avery Dennison DS Matte 2 MIL R07311","SECURITY|AVERY DENNISON DS MATTE 2 MIL R07311",""
"Security","Avery Dennison Safety Clear 12 MIL","SECURITY|AVERY DENNISON SAFETY CLEAR 12 MIL",""
"Security","Avery Dennison Safety Matte 12 MIL","SECURITY|AVERY DENNISON SAFETY MATTE 12 MIL",""
"Security","Avery Dennison Safety Matte 12 MIL R32311C","SECURITY|AVERY DENNISON SAFETY MATTE 12 MIL R32311C",""
"Security","Avery Dennison Safety Matte 5 MIL R14811","SECURITY|AVERY DENNISON SAFETY MATTE 5 MIL R14811",""
"Security","Avery Dennison Silver 20 4 MIL","SECURITY|AVERY DENNISON SILVER 20 4 MIL",""
"Security","Avery Dennison Silver 20 Hanita 4 MIL","SECURITY|AVERY DENNISON SILVER 20 HANITA 4 MIL",""
"Security","Llumar 9 MIL Warm Gray DR 15","SECURITY|LLUMAR 9 MIL WARM GRAY DR 15",""
"Security","Llumar Clear 13 MIL","SECURITY|LLUMAR CLEAR 13 MIL",""
"Security","Llumar DR 15 9 MIL","SECURITY|LLUMAR DR 15 9 MIL",""
"Security","Llumar DR 15 Safety 9 MIL","SECURITY|LLUMAR DR 15 SAFETY 9 MIL",""
"Security","Llumar M661 Llumar 13 MIL Clear","SECURITY|LLUMAR M661 LLUMAR 13 MIL CLEAR",""
"Security","Llumar PS-8 Silver","SECURITY|LLUMAR PS-8 SILVER",""
"Security","LLUMAR SCL PS 8 MIL","SECURITY|LLUMAR SCL PS 8 MIL",""
"Security","Llumar Warm Gray 15 MIL","SECURITY|LLUMAR WARM GRAY 15 MIL",""
"Security","M346 Madico Safety shield","SECURITY|M346 MADICO SAFETY SHIELD",""
"Security","M671 MadicoSafetyShield 80072""","SECURITY|M671 MADICOSAFETYSHIELD 80072""",""
"Security","Madico 12 Mil Frost Matte","SECURITY|MADICO 12 MIL FROST MATTE",""
"Security","Madico 14 MIL","SECURITY|MADICO 14 MIL",""
"Security","Madico 7 MIL EXT CL700E","SECURITY|MADICO 7 MIL EXT CL700E",""
"Security","Madico Blister Free","SECURITY|MADICO BLISTER FREE",""
"Security","Madico Blister Free BL200 PS","SECURITY|MADICO BLISTER FREE BL200 PS",""
"Security","Madico Clear 8 MIL Safetyshield 800","SECURITY|MADICO CLEAR 8 MIL SAFETYSHIELD 800",""
"Security","Madico Clear Plex 400 48"" w/s film","SECURITY|MADICO CLEAR PLEX 400 48"" W/S FILM",""
"Security","Madico Deco 2 MIL Frost Matte","SECURITY|MADICO DECO 2 MIL FROST MATTE",""
"Security","Madico Deco. Optivision 15","SECURITY|MADICO DECO. OPTIVISION 15",""
"Security","Madico Deco. Optivision 25","SECURITY|MADICO DECO. OPTIVISION 25",""
"Security","Madico Designer Gray 45 8 MIL","SECURITY|MADICO DESIGNER GRAY 45 8 MIL",""
"Security","Madico Frost Matte 2 Mil 200PS","SECURITY|MADICO FROST MATTE 2 MIL 200PS",""
"Security","Madico Graffiti Free 4 Mil","SECURITY|MADICO GRAFFITI FREE 4 MIL",""
"Security","Madico Graffiti Free 6 MIL","SECURITY|MADICO GRAFFITI FREE 6 MIL",""
"Security","Madico Graffiti Free 6 MIL 600 PS","SECURITY|MADICO GRAFFITI FREE 6 MIL 600 PS",""
"Security","Madico Optivision 15","SECURITY|MADICO OPTIVISION 15",""
"Security","Madico Optivision 15 9 mil","SECURITY|MADICO OPTIVISION 15 9 MIL",""
"Security","Madico Optivision 35","SECURITY|MADICO OPTIVISION 35",""
"Security","Madico Optivision 45","SECURITY|MADICO OPTIVISION 45",""
"Security","Madico Optivision Refl 15","SECURITY|MADICO OPTIVISION REFL 15",""
"Security","Madico Reflective Silver 40","SECURITY|MADICO REFLECTIVE SILVER 40",""
"Security","Madico Safety Clear 4 mil","SECURITY|MADICO SAFETY CLEAR 4 MIL",""
"Security","Madico Safety Clear 4 Mil CL400","SECURITY|MADICO SAFETY CLEAR 4 MIL CL400",""
"Security","Madico Safety Clear Ext 7 MIL","SECURITY|MADICO SAFETY CLEAR EXT 7 MIL",""
"Security","Madico Safety S","SECURITY|MADICO SAFETY S",""
"Security","Madico Safetyshield 1500","SECURITY|MADICO SAFETYSHIELD 1500",""
"Security","Madico Safetyshield 700","SECURITY|MADICO SAFETYSHIELD 700",""
"Security","Madico Safetyshield 800","SECURITY|MADICO SAFETYSHIELD 800",""
"Security","Madico Safetyshield 800 Optivision 15","SECURITY|MADICO SAFETYSHIELD 800 OPTIVISION 15",""
"Security","Madico SF 25 DA SR","SECURITY|MADICO SF 25 DA SR",""
"Security","Madico SG 35","SECURITY|MADICO SG 35",""
"Security","Madico SL 38 DA SR","SECURITY|MADICO SL 38 DA SR",""
"Security","Madico SS Optivision 25 8 ml","SECURITY|MADICO SS OPTIVISION 25 8 ML",""
"Security","Safety Sand Blast","SECURITY|SAFETY SAND BLAST",""
"Security","Safety Shield 800","SECURITY|SAFETY SHIELD 800",""
"Security","Safetyshield Madico Clear 8 MIL","SECURITY|SAFETYSHIELD MADICO CLEAR 8 MIL",""
"Security","Silver S20 8 Mil","SECURITY|SILVER S20 8 MIL","AUTO_ADDED_FROM_INVENTORY_COUNT=1"
"Security","SOL Ultrasafe WM560","SECURITY|SOL ULTRASAFE WM560",""
"Security","SOL Ultrasafe WM560 Frost 5 MIL","SECURITY|SOL ULTRASAFE WM560 FROST 5 MIL",""
"Security","Solar Gard 8 MIL SS 35","SECURITY|SOLAR GARD 8 MIL SS 35",""
"Security","Solar Gard SG 7 MIL Graffiti Gard SRX","SECURITY|SOLAR GARD SG 7 MIL GRAFFITI GARD SRX",""
"Security","Solar Gard SG Graffitigard 6 MIL","SECURITY|SOLAR GARD SG GRAFFITIGARD 6 MIL",""
"Security","Solar Gard SG GraffitiGuard 4 MIL","SECURITY|SOLAR GARD SG GRAFFITIGUARD 4 MIL",""
"Security","Solar Gard SG Safety Clear 4 MIL","SECURITY|SOLAR GARD SG SAFETY CLEAR 4 MIL",""
"Security","Solar Gard SG Silver 20 8 MIL","SECURITY|SOLAR GARD SG SILVER 20 8 MIL",""
"Security","Solyx Safety Sand Blast","SECURITY|SOLYX SAFETY SAND BLAST",""
"Security","Solyx White Matte Max 5 MIL ULTRASAFE-WMAX","SECURITY|SOLYX WHITE MATTE MAX 5 MIL ULTRASAFE-WMAX",""
"Security","Trident Clear 11 MIL","SECURITY|TRIDENT CLEAR 11 MIL",""
"Security","Ultra Prestige 70","SECURITY|ULTRA PRESTIGE 70",""
"Security","Ultra S15","SECURITY|ULTRA S15","AUTO_ADDED_FROM_INVENTORY_COUNT=1"
"Security","Vinyl Ultra Prestige 70","SECURITY|VINYL ULTRA PRESTIGE 70",""
"Solar Gard","Bronze 20","SOLAR GARD|BRONZE 20",""
"Solar Gard","DR Slate 10","SOLAR GARD|DR SLATE 10","AUTO_ADDED_FROM_INVENTORY_COUNT=1"
"Solar Gard","DR TRUEVUE 05","SOLAR GARD|DR TRUEVUE 05","AUTO_ADDED_FROM_INVENTORY_COUNT=1"
"Solar Gard","Ecolux 70","SOLAR GARD|ECOLUX 70",""
"Solar Gard","EXT Sentinel Plus Silver 35","SOLAR GARD|EXT SENTINEL PLUS SILVER 35",""
"Solar Gard","Hilite 40","SOLAR GARD|HILITE 40",""
"Solar Gard","HiLite 70","SOLAR GARD|HILITE 70",""
"Solar Gard","Panarama HiLite 70","SOLAR GARD|PANARAMA HILITE 70",""
"Solar Gard","Panaroma Slate 20","SOLAR GARD|PANAROMA SLATE 20","AUTO_ADDED_FROM_INVENTORY_COUNT=3"
"Solar Gard","Panaroma Slate 30","SOLAR GARD|PANAROMA SLATE 30","AUTO_ADDED_FROM_INVENTORY_COUNT=1"
"Solar Gard","Panaroma Slate 40","SOLAR GARD|PANAROMA SLATE 40","AUTO_ADDED_FROM_INVENTORY_COUNT=3"
"Solar Gard","Panorama Slate 10","SOLAR GARD|PANORAMA SLATE 10","AUTO_ADDED_FROM_INVENTORY_COUNT=5"
"Solar Gard","Panorama Slate 40","SOLAR GARD|PANORAMA SLATE 40","AUTO_ADDED_FROM_INVENTORY_COUNT=2"
"Solar Gard","Panorama Sterling 60","SOLAR GARD|PANORAMA STERLING 60",""
"Solar Gard","Panorama Sterling 70","SOLAR GARD|PANORAMA STERLING 70",""
"Solar Gard","Sentinel Plus DX 15","SOLAR GARD|SENTINEL PLUS DX 15",""
"Solar Gard","Sentinel Plus DX5 EXT","SOLAR GARD|SENTINEL PLUS DX5 EXT",""
"Solar Gard","Sentinel Plus Silver 20 Ext.","SOLAR GARD|SENTINEL PLUS SILVER 20 EXT.",""
"Solar Gard","Sentinel Plus Silver 35X EXT","SOLAR GARD|SENTINEL PLUS SILVER 35X EXT",""
"Solar Gard","Sentinel Plus SX50 OSW","SOLAR GARD|SENTINEL PLUS SX50 OSW","AUTO_ADDED_FROM_INVENTORY_COUNT=1"
"Solar Gard","SGTrue Vue 40","SOLAR GARD|SGTRUE VUE 40",""
"Solar Gard","Silver 20","SOLAR GARD|SILVER 20",""
"Solar Gard","Silver 20 Ext","SOLAR GARD|SILVER 20 EXT",""
"Solar Gard","Silver 20 Exterior","SOLAR GARD|SILVER 20 EXTERIOR",""
"Solar Gard","Silver 20 HC","SOLAR GARD|SILVER 20 HC",""
"Solar Gard","Silver 35","SOLAR GARD|SILVER 35",""
"Solar Gard","Slate 10","SOLAR GARD|SLATE 10","AUTO_ADDED_FROM_INVENTORY_COUNT=19"
"Solar Gard","Slate 20","SOLAR GARD|SLATE 20","AUTO_ADDED_FROM_INVENTORY_COUNT=15"
"Solar Gard","Slate 30","SOLAR GARD|SLATE 30","AUTO_ADDED_FROM_INVENTORY_COUNT=13"
"Solar Gard","Slate 30 (panorama)","SOLAR GARD|SLATE 30 (PANORAMA)","AUTO_ADDED_FROM_INVENTORY_COUNT=4"
"Solar Gard","Slate 40","SOLAR GARD|SLATE 40","AUTO_ADDED_FROM_INVENTORY_COUNT=18"
"Solar Gard","SLATE 40 36"" MISSING","SOLAR GARD|SLATE 40 36"" MISSING","AUTO_ADDED_FROM_INVENTORY_COUNT=1"
"Solar Gard","Slate 40 72"" (box 1 Of 2)","SOLAR GARD|SLATE 40 72"" (BOX 1 OF 2)","AUTO_ADDED_FROM_INVENTORY_COUNT=1"
"Solar Gard","Sterling 50","SOLAR GARD|STERLING 50",""
"Solar Gard","Sterling 70","SOLAR GARD|STERLING 70",""
"Solar Gard","SX 50","SOLAR GARD|SX 50","AUTO_ADDED_FROM_INVENTORY_COUNT=2"
"Solar Gard","Truevue 05","SOLAR GARD|TRUEVUE 05",""
"Solar Gard","Truevue 15","SOLAR GARD|TRUEVUE 15","AUTO_ADDED_FROM_INVENTORY_COUNT=25 | AUTO_ADDED_FROM_INVENTORY_COUNT=1"
"Solar Gard","Truevue 15 PS HC","SOLAR GARD|TRUEVUE 15 PS HC","AUTO_ADDED_FROM_INVENTORY_COUNT=2"
"Solar Gard","Truevue 30","SOLAR GARD|TRUEVUE 30","AUTO_ADDED_FROM_INVENTORY_COUNT=8 | AUTO_ADDED_FROM_INVENTORY_COUNT=3"
"Solar Gard","Truevue 30 PS HC","SOLAR GARD|TRUEVUE 30 PS HC","AUTO_ADDED_FROM_INVENTORY_COUNT=1"
"Solar Gard","Truevue 40","SOLAR GARD|TRUEVUE 40","AUTO_ADDED_FROM_INVENTORY_COUNT=7"
"Solar Gard","Truevue 40 48"" (re-rolled A Partial To 15')","SOLAR GARD|TRUEVUE 40 48"" (RE-ROLLED A PARTIAL TO 15')","AUTO_ADDED_FROM_INVENTORY_COUNT=1"
"Solar Gard","Truevue 5","SOLAR GARD|TRUEVUE 5","AUTO_ADDED_FROM_INVENTORY_COUNT=5"
"Solar Gard","TV True Vue 15","SOLAR GARD|TV TRUE VUE 15",""
"SOLYX","1"" Reeded Glass SX-1255","SOLYX|1"" REEDED GLASS SX-1255",""
"SOLYX","1/2"" Reeded Glass SX-1254","SOLYX|1/2"" REEDED GLASS SX-1254",""
"SOLYX","1/4"" Reeded Glass SX-1262","SOLYX|1/4"" REEDED GLASS SX-1262",""
"SOLYX","Alps SXC392","SOLYX|ALPS SXC392","AUTO_ADDED_FROM_INVENTORY_COUNT=2"
"SOLYX","Antique Silver Mirror","SOLYX|ANTIQUE SILVER MIRROR",""
"SOLYX","Bird Safety Film Dot (sx-bsfd)","SOLYX|BIRD SAFETY FILM DOT (SX-BSFD)","AUTO_ADDED_FROM_INVENTORY_COUNT=1"
"SOLYX","BLACK BLOCK OUT GLOSSY","SOLYX|BLACK BLOCK OUT GLOSSY",""
"SOLYX","Blackout","SOLYX|BLACKOUT",""
"SOLYX","Blackout SXWFBO","SOLYX|BLACKOUT SXWFBO","AUTO_ADDED_FROM_INVENTORY_COUNT=11"
"SOLYX","BRUSHED METAL SXS-M300","SOLYX|BRUSHED METAL SXS-M300","AUTO_ADDED_FROM_INVENTORY_COUNT=1"
"SOLYX","Casper Cloaking PF001-801","SOLYX|CASPER CLOAKING PF001-801",""
"SOLYX","CHARCOAL MATTE SXWF-CM","SOLYX|CHARCOAL MATTE SXWF-CM","AUTO_ADDED_FROM_INVENTORY_COUNT=2"
"SOLYX","CLEAR BRUSH SXHE-02","SOLYX|CLEAR BRUSH SXHE-02","AUTO_ADDED_FROM_INVENTORY_COUNT=1"
"SOLYX","Clear Frost","SOLYX|CLEAR FROST",""
"SOLYX","Clear Sand Blast","SOLYX|CLEAR SAND BLAST",""
"SOLYX","Clear Sand Blast36""","SOLYX|CLEAR SAND BLAST36""",""
"SOLYX","Cut Grass Drops","SOLYX|CUT GRASS DROPS",""
"SOLYX","Dark Black SXP-014","SOLYX|DARK BLACK SXP-014",""
"SOLYX","Dark Gray Sandblast SXB-73","SOLYX|DARK GRAY SANDBLAST SXB-73","AUTO_ADDED_FROM_INVENTORY_COUNT=1"
"SOLYX","Deep Etch","SOLYX|DEEP ETCH",""
"SOLYX","Dove Stained Glass","SOLYX|DOVE STAINED GLASS",""
"SOLYX","Dove Stained Glass SXEG-1025","SOLYX|DOVE STAINED GLASS SXEG-1025","AUTO_ADDED_FROM_INVENTORY_COUNT=1"
"SOLYX","Dual Feather Gradient SXJ-0591","SOLYX|DUAL FEATHER GRADIENT SXJ-0591","AUTO_ADDED_FROM_INVENTORY_COUNT=3"
"SOLYX","Dual Feather Gradient SXJ0548","SOLYX|DUAL FEATHER GRADIENT SXJ0548","AUTO_ADDED_FROM_INVENTORY_COUNT=3"
"SOLYX","Dual Misty Fost SXJ-0598 GRADIANT","SOLYX|DUAL MISTY FOST SXJ-0598 GRADIANT","AUTO_ADDED_FROM_INVENTORY_COUNT=2"
"SOLYX","Dual Motion Gradient SXJ-0585","SOLYX|DUAL MOTION GRADIENT SXJ-0585","AUTO_ADDED_FROM_INVENTORY_COUNT=1"
"SOLYX","Dusted White Matte","SOLYX|DUSTED WHITE MATTE",""
"SOLYX","Eco Dusted","SOLYX|ECO DUSTED",""
"SOLYX","Eco Dusted Crystal SX-3131","SOLYX|ECO DUSTED CRYSTAL SX-3131",""
"SOLYX","Etched Dual Dot Gradient SXJ0583","SOLYX|ETCHED DUAL DOT GRADIENT SXJ0583","AUTO_ADDED_FROM_INVENTORY_COUNT=1"
"SOLYX","Etched Leise","SOLYX|ETCHED LEISE",""
"SOLYX","EtchnWhite Random Lines","SOLYX|ETCHNWHITE RANDOM LINES",""
"SOLYX","Feather Gradient","SOLYX|FEATHER GRADIENT",""
"SOLYX","Fine Brushed SX-1017-UG","SOLYX|FINE BRUSHED SX-1017-UG",""
"SOLYX","Fine Brushed SXL1017","SOLYX|FINE BRUSHED SXL1017","AUTO_ADDED_FROM_INVENTORY_COUNT=4"
"SOLYX","Fleur De Lis SGV6614","SOLYX|FLEUR DE LIS SGV6614",""
"SOLYX","Frosted Persimmon","SOLYX|FROSTED PERSIMMON",""
"SOLYX","Frosted Squares","SOLYX|FROSTED SQUARES",""
"SOLYX","Frosted Strie SGV6613","SOLYX|FROSTED STRIE SGV6613",""
"SOLYX","Frosted Stripes SXC-1418","SOLYX|FROSTED STRIPES SXC-1418",""
"SOLYX","Frosted Stripes-Vertical SX-316132-V-UG","SOLYX|FROSTED STRIPES-VERTICAL SX-316132-V-UG",""
"SOLYX","Frosted Vine","SOLYX|FROSTED VINE",""
"SOLYX","Gentian blue","SOLYX|GENTIAN BLUE",""
"SOLYX","GLOSS BLACK VINYL","SOLYX|GLOSS BLACK VINYL",""
"SOLYX","GLOSS BLACK VINYL SXV-9-1003","SOLYX|GLOSS BLACK VINYL SXV-9-1003","AUTO_ADDED_FROM_INVENTORY_COUNT=1"
"SOLYX","Gold Weave SCG02","SOLYX|GOLD WEAVE SCG02",""
"SOLYX","Gradient Dry Erase","SOLYX|GRADIENT DRY ERASE",""
"SOLYX","Ice Melt SGC-6521","SOLYX|ICE MELT SGC-6521",""
"SOLYX","Lineage Dual Frost. Grad. SXJ0599","SOLYX|LINEAGE DUAL FROST. GRAD. SXJ0599","AUTO_ADDED_FROM_INVENTORY_COUNT=2"
"SOLYX","Lineage Dual Frosted Gradient","SOLYX|LINEAGE DUAL FROSTED GRADIENT",""
"SOLYX","M3309 Solyx White/blackout","SOLYX|M3309 SOLYX WHITE/BLACKOUT",""
"SOLYX","MAGNETIC White Dry Erase For Glass SX2097","SOLYX|MAGNETIC WHITE DRY ERASE FOR GLASS SX2097","AUTO_ADDED_FROM_INVENTORY_COUNT=1"
"SOLYX","Milky Frost SXMD8303","SOLYX|MILKY FROST SXMD8303","AUTO_ADDED_FROM_INVENTORY_COUNT=6"
"SOLYX","One Way Perf SX1940","SOLYX|ONE WAY PERF SX1940","AUTO_ADDED_FROM_INVENTORY_COUNT=1"
"SOLYX","One Way Slv./gry SXSG09","SOLYX|ONE WAY SLV./GRY SXSG09","AUTO_ADDED_FROM_INVENTORY_COUNT=2"
"SOLYX","Organic Cotton SX3146","SOLYX|ORGANIC COTTON SX3146","AUTO_ADDED_FROM_INVENTORY_COUNT=1"
"SOLYX","Organic Strie SX-5015","SOLYX|ORGANIC STRIE SX-5015","AUTO_ADDED_FROM_INVENTORY_COUNT=1"
"SOLYX","Red Clear","SOLYX|RED CLEAR",""
"SOLYX","Reeded Glass 1"" bars","SOLYX|REEDED GLASS 1"" BARS",""
"SOLYX","Reflect Protect","SOLYX|REFLECT PROTECT",""
"SOLYX","Regimental Bars 131","SOLYX|REGIMENTAL BARS 131",""
"SOLYX","Ribbed Glass Clear SX-9050","SOLYX|RIBBED GLASS CLEAR SX-9050","AUTO_ADDED_FROM_INVENTORY_COUNT=1"
"SOLYX","Safety Sand Blast","SOLYX|SAFETY SAND BLAST",""
"SOLYX","Safety Sandblast","SOLYX|SAFETY SANDBLAST",""
"SOLYX","Sambe","SOLYX|SAMBE",""
"SOLYX","Sambe SX5037","SOLYX|SAMBE SX5037","AUTO_ADDED_FROM_INVENTORY_COUNT=1"
"SOLYX","Sand Blast Dark Gray SXB-73","SOLYX|SAND BLAST DARK GRAY SXB-73","AUTO_ADDED_FROM_INVENTORY_COUNT=1"
"SOLYX","Sateen Etch SD-FS728-E","SOLYX|SATEEN ETCH SD-FS728-E",""
"SOLYX","Satin Silver Opaque SXWFSM","SOLYX|SATIN SILVER OPAQUE SXWFSM","AUTO_ADDED_FROM_INVENTORY_COUNT=1"
"SOLYX","SGC6523 - COVENTRY","SOLYX|SGC6523 - COVENTRY",""
"SOLYX","SGD-6003 CROSHANA","SOLYX|SGD-6003 CROSHANA",""
"SOLYX","Shimmer","SOLYX|SHIMMER",""
"SOLYX","Silver Etch Stripe SX-2002","SOLYX|SILVER ETCH STRIPE SX-2002","AUTO_ADDED_FROM_INVENTORY_COUNT=1"
"SOLYX","SILVER UltraCool-S3560","SOLYX|SILVER ULTRACOOL-S3560","AUTO_ADDED_FROM_INVENTORY_COUNT=1"
"SOLYX","Simglass Glazed Leaf SGD6006","SOLYX|SIMGLASS GLAZED LEAF SGD6006",""
"SOLYX","Solar Graphics Amber 2400","SOLYX|SOLAR GRAPHICS AMBER 2400",""
"SOLYX","Solar Graphics Gold Silver Refl. 7920R","SOLYX|SOLAR GRAPHICS GOLD SILVER REFL. 7920R",""
"SOLYX","Solar Graphics Straw 1200","SOLYX|SOLAR GRAPHICS STRAW 1200",""
"SOLYX","SolyxWht/Blk Opaque","SOLYX|SOLYXWHT/BLK OPAQUE",""
"SOLYX","Static Cling Blackout Sand SXSC-318","SOLYX|STATIC CLING BLACKOUT SAND SXSC-318","AUTO_ADDED_FROM_INVENTORY_COUNT=1"
"SOLYX","Subsonic SX-5035","SOLYX|SUBSONIC SX-5035","AUTO_ADDED_FROM_INVENTORY_COUNT=3"
"SOLYX","SX 1","SOLYX|SX 1","AUTO_ADDED_FROM_INVENTORY_COUNT=1"
"SOLYX","SX-052","SOLYX|SX-052","AUTO_ADDED_FROM_INVENTORY_COUNT=1"
"SOLYX","SX-1000 Fine Cast Sand Blast","SOLYX|SX-1000 FINE CAST SAND BLAST",""
"SOLYX","SX-1002 Clear Sand Blast","SOLYX|SX-1002 CLEAR SAND BLAST",""
"SOLYX","SX-1259 WAVY GLASS FILM","SOLYX|SX-1259 WAVY GLASS FILM","AUTO_ADDED_FROM_INVENTORY_COUNT=1"
"SOLYX","SX-1301 Clear Frost","SOLYX|SX-1301 CLEAR FROST",""
"SOLYX","SX-1303 Grey Frost","SOLYX|SX-1303 GREY FROST",""
"SOLYX","SX-1305 Bronze Frost","SOLYX|SX-1305 BRONZE FROST","AUTO_ADDED_FROM_INVENTORY_COUNT=1"
"SOLYX","SX-1309 Fine Crystal Frost","SOLYX|SX-1309 FINE CRYSTAL FROST","AUTO_ADDED_FROM_INVENTORY_COUNT=5"
"SOLYX","SX-1325 Semi Transparent Clear Frost","SOLYX|SX-1325 SEMI TRANSPARENT CLEAR FROST","AUTO_ADDED_FROM_INVENTORY_COUNT=1"
"SOLYX","SX-1409 White Sand Matte","SOLYX|SX-1409 WHITE SAND MATTE",""
"SOLYX","SX-1461 Cut Glass Bamboo","SOLYX|SX-1461 CUT GLASS BAMBOO","AUTO_ADDED_FROM_INVENTORY_COUNT=1"
"SOLYX","SX-1516","SOLYX|SX-1516","AUTO_ADDED_FROM_INVENTORY_COUNT=1"
"SOLYX","SX-1523 Big City Lights","SOLYX|SX-1523 BIG CITY LIGHTS","AUTO_ADDED_FROM_INVENTORY_COUNT=1"
"SOLYX","SX-1544 Rain Glass","SOLYX|SX-1544 RAIN GLASS","AUTO_ADDED_FROM_INVENTORY_COUNT=3"
"SOLYX","SX-1545 Frosted Summer","SOLYX|SX-1545 FROSTED SUMMER","AUTO_ADDED_FROM_INVENTORY_COUNT=1"
"SOLYX","SX-1700 Sand Blast Squares","SOLYX|SX-1700 SAND BLAST SQUARES","AUTO_ADDED_FROM_INVENTORY_COUNT=1"
"SOLYX","SX-1730 Rhombus","SOLYX|SX-1730 RHOMBUS","AUTO_ADDED_FROM_INVENTORY_COUNT=1"
"SOLYX","SX-2090 White Dry Erase for Glass","SOLYX|SX-2090 WHITE DRY ERASE FOR GLASS","AUTO_ADDED_FROM_INVENTORY_COUNT=3"
"SOLYX","SX-3140 Dusted Crystal","SOLYX|SX-3140 DUSTED CRYSTAL",""
"SOLYX","SX-3142 Transparent Leaf","SOLYX|SX-3142 TRANSPARENT LEAF","AUTO_ADDED_FROM_INVENTORY_COUNT=1"
"SOLYX","SX-3145 Olive/Gold Dusted Leaf","SOLYX|SX-3145 OLIVE/GOLD DUSTED LEAF","AUTO_ADDED_FROM_INVENTORY_COUNT=1"
"SOLYX","SX-3147 Dusted Waters","SOLYX|SX-3147 DUSTED WATERS","AUTO_ADDED_FROM_INVENTORY_COUNT=1"
"SOLYX","SX-3148 Gotham","SOLYX|SX-3148 GOTHAM","AUTO_ADDED_FROM_INVENTORY_COUNT=1"
"SOLYX","SX-3150 Geometric","SOLYX|SX-3150 GEOMETRIC","AUTO_ADDED_FROM_INVENTORY_COUNT=4"
"SOLYX","SX-3160 Shimera","SOLYX|SX-3160 SHIMERA","AUTO_ADDED_FROM_INVENTORY_COUNT=2"
"SOLYX","SX-324 Frosted Sparkle","SOLYX|SX-324 FROSTED SPARKLE","AUTO_ADDED_FROM_INVENTORY_COUNT=1"
"SOLYX","SX-4500 Cool Grey","SOLYX|SX-4500 COOL GREY","AUTO_ADDED_FROM_INVENTORY_COUNT=1"
"SOLYX","SX-5031 Matte Linen","SOLYX|SX-5031 MATTE LINEN","AUTO_ADDED_FROM_INVENTORY_COUNT=1"
"SOLYX","SX-5038","SOLYX|SX-5038","AUTO_ADDED_FROM_INVENTORY_COUNT=1"
"SOLYX","SX-6020 Antique Clear","SOLYX|SX-6020 ANTIQUE CLEAR","AUTO_ADDED_FROM_INVENTORY_COUNT=1"
"SOLYX","SX-6040 Antique Silver Mirror","SOLYX|SX-6040 ANTIQUE SILVER MIRROR","AUTO_ADDED_FROM_INVENTORY_COUNT=1"
"SOLYX","SX-9000 Clear Waters","SOLYX|SX-9000 CLEAR WATERS","AUTO_ADDED_FROM_INVENTORY_COUNT=3"
"SOLYX","SX-9100 Chicago","SOLYX|SX-9100 CHICAGO",""
"SOLYX","SX-C300 Dusted Etch","SOLYX|SX-C300 DUSTED ETCH",""
"SOLYX","SX-C333 Pin Point","SOLYX|SX-C333 PIN POINT","AUTO_ADDED_FROM_INVENTORY_COUNT=1"
"SOLYX","SX-C373 Acid Etch Stripes","SOLYX|SX-C373 ACID ETCH STRIPES","AUTO_ADDED_FROM_INVENTORY_COUNT=1"
"SOLYX","SX-C374 Etch Leise Stripes","SOLYX|SX-C374 ETCH LEISE STRIPES",""
"SOLYX","SX-C376 Etchnwhite Random Lines","SOLYX|SX-C376 ETCHNWHITE RANDOM LINES","AUTO_ADDED_FROM_INVENTORY_COUNT=2"
"SOLYX","SX-C380 Organic Etch Stripes","SOLYX|SX-C380 ORGANIC ETCH STRIPES",""
"SOLYX","SX-C384 ETCHED STRIPES","SOLYX|SX-C384 ETCHED STRIPES","AUTO_ADDED_FROM_INVENTORY_COUNT=1"
"SOLYX","SX-C387 Linen","SOLYX|SX-C387 LINEN","AUTO_ADDED_FROM_INVENTORY_COUNT=1"
"SOLYX","SX-SC 684-48 Pyramid","SOLYX|SX-SC 684-48 PYRAMID","AUTO_ADDED_FROM_INVENTORY_COUNT=1"
"SOLYX","SX-SC513 Mosaic","SOLYX|SX-SC513 MOSAIC","AUTO_ADDED_FROM_INVENTORY_COUNT=1"
"SOLYX","SX-SC514 Atlantis","SOLYX|SX-SC514 ATLANTIS","AUTO_ADDED_FROM_INVENTORY_COUNT=2"
"SOLYX","SX-SC540 Cracked Ice Static Cling","SOLYX|SX-SC540 CRACKED ICE STATIC CLING","AUTO_ADDED_FROM_INVENTORY_COUNT=1"
"SOLYX","SX-SC544 Rain Glass - Static Cling","SOLYX|SX-SC544 RAIN GLASS - STATIC CLING",""
"SOLYX","SX-SC555 Titanium Sand","SOLYX|SX-SC555 TITANIUM SAND","AUTO_ADDED_FROM_INVENTORY_COUNT=1"
"SOLYX","SX073 Dark Grey","SOLYX|SX073 DARK GREY","AUTO_ADDED_FROM_INVENTORY_COUNT=1"
"SOLYX","SX3-314 Acid Etch","SOLYX|SX3-314 ACID ETCH","AUTO_ADDED_FROM_INVENTORY_COUNT=2"
"SOLYX","SXC-131 FROSTED SHORT STRIPE MINI BLIND-VERTICAL","SOLYX|SXC-131 FROSTED SHORT STRIPE MINI BLIND-VERTICAL","AUTO_ADDED_FROM_INVENTORY_COUNT=1"
"SOLYX","SXC-3510 Frosted Stripes","SOLYX|SXC-3510 FROSTED STRIPES","AUTO_ADDED_FROM_INVENTORY_COUNT=1"
"SOLYX","SXF-0600 Snow White Light Diffuser","SOLYX|SXF-0600 SNOW WHITE LIGHT DIFFUSER","AUTO_ADDED_FROM_INVENTORY_COUNT=1"
"SOLYX","SXF-5050 Total Light Blockout","SOLYX|SXF-5050 TOTAL LIGHT BLOCKOUT","AUTO_ADDED_FROM_INVENTORY_COUNT=6"
"SOLYX","SXGF-0097 Deep Etch","SOLYX|SXGF-0097 DEEP ETCH","AUTO_ADDED_FROM_INVENTORY_COUNT=2"
"SOLYX","SXGF-0197 Light Etch","SOLYX|SXGF-0197 LIGHT ETCH","AUTO_ADDED_FROM_INVENTORY_COUNT=1"
"SOLYX","SXGF-0500 Clear Frosted Safety Film","SOLYX|SXGF-0500 CLEAR FROSTED SAFETY FILM","AUTO_ADDED_FROM_INVENTORY_COUNT=5"
"SOLYX","SXHP-2411 Vertical Stripes","SOLYX|SXHP-2411 VERTICAL STRIPES","AUTO_ADDED_FROM_INVENTORY_COUNT=2"
"SOLYX","SXJ-0545 Beach Grass Gradient","SOLYX|SXJ-0545 BEACH GRASS GRADIENT","AUTO_ADDED_FROM_INVENTORY_COUNT=2"
"SOLYX","SXJ-0546 Organic Cotton Gradient","SOLYX|SXJ-0546 ORGANIC COTTON GRADIENT",""
"SOLYX","SXJ-0547 Feather Gradient","SOLYX|SXJ-0547 FEATHER GRADIENT","AUTO_ADDED_FROM_INVENTORY_COUNT=1"
"SOLYX","SXJ-0550 White Dusted Matte","SOLYX|SXJ-0550 WHITE DUSTED MATTE",""
"SOLYX","SXJ-0561 Fine Dots Gradient","SOLYX|SXJ-0561 FINE DOTS GRADIENT",""
"SOLYX","SXJ-0579 Dual Cloud Gradient","SOLYX|SXJ-0579 DUAL CLOUD GRADIENT","AUTO_ADDED_FROM_INVENTORY_COUNT=4"
"SOLYX","SXJ-0581 Matte Dual Fine Dot Gradient","SOLYX|SXJ-0581 MATTE DUAL FINE DOT GRADIENT","AUTO_ADDED_FROM_INVENTORY_COUNT=1"
"SOLYX","SXO-025 Brimstone Yellow","SOLYX|SXO-025 BRIMSTONE YELLOW","AUTO_ADDED_FROM_INVENTORY_COUNT=1"
"SOLYX","SXO-031 Red","SOLYX|SXO-031 RED","AUTO_ADDED_FROM_INVENTORY_COUNT=1"
"SOLYX","SXO-034 Orange","SOLYX|SXO-034 ORANGE","AUTO_ADDED_FROM_INVENTORY_COUNT=1"
"SOLYX","SXO-040 Violet","SOLYX|SXO-040 VIOLET","AUTO_ADDED_FROM_INVENTORY_COUNT=1"
"SOLYX","SXO-047 Orange Red","SOLYX|SXO-047 ORANGE RED","AUTO_ADDED_FROM_INVENTORY_COUNT=1"
"SOLYX","SXO-056 Ice Blue","SOLYX|SXO-056 ICE BLUE","AUTO_ADDED_FROM_INVENTORY_COUNT=1"
"SOLYX","SXO-068 Grass Green","SOLYX|SXO-068 GRASS GREEN","AUTO_ADDED_FROM_INVENTORY_COUNT=1"
"SOLYX","SXO-096 Steel Blue","SOLYX|SXO-096 STEEL BLUE","AUTO_ADDED_FROM_INVENTORY_COUNT=1"
"SOLYX","SXP-020UV Amber","SOLYX|SXP-020UV AMBER","AUTO_ADDED_FROM_INVENTORY_COUNT=1"
"SOLYX","SXP-039 Raspberry Red","SOLYX|SXP-039 RASPBERRY RED","AUTO_ADDED_FROM_INVENTORY_COUNT=1"
"SOLYX","SXR-8785 Safety Sand Blast","SOLYX|SXR-8785 SAFETY SAND BLAST",""
"SOLYX","SXR-9829 Glassfrost","SOLYX|SXR-9829 GLASSFROST",""
"SOLYX","SXW-08 Frosted Jacks","SOLYX|SXW-08 FROSTED JACKS","AUTO_ADDED_FROM_INVENTORY_COUNT=1"
"SOLYX","Sxwf_wm White Matt","SOLYX|SXWF_WM WHITE MATT","AUTO_ADDED_FROM_INVENTORY_COUNT=1"
"SOLYX","Sxwf_wmax","SOLYX|SXWF_WMAX","AUTO_ADDED_FROM_INVENTORY_COUNT=1"
"SOLYX","SXWF-BO","SOLYX|SXWF-BO","AUTO_ADDED_FROM_INVENTORY_COUNT=1"
"SOLYX","SXWF-BO Blackout","SOLYX|SXWF-BO BLACKOUT","AUTO_ADDED_FROM_INVENTORY_COUNT=1"
"SOLYX","SXWF-BO-60 Black Out","SOLYX|SXWF-BO-60 BLACK OUT","AUTO_ADDED_FROM_INVENTORY_COUNT=2"
"SOLYX","SXWF-WB 60 White/black OPAQUE","SOLYX|SXWF-WB 60 WHITE/BLACK OPAQUE","AUTO_ADDED_FROM_INVENTORY_COUNT=1"
"SOLYX","SXWF-WB White/Black Opaque","SOLYX|SXWF-WB WHITE/BLACK OPAQUE","AUTO_ADDED_FROM_INVENTORY_COUNT=1"
"SOLYX","SXWF-WM White Matte","SOLYX|SXWF-WM WHITE MATTE","AUTO_ADDED_FROM_INVENTORY_COUNT=2"
"SOLYX","SXWF-WM WHITE MATTE MAX","SOLYX|SXWF-WM WHITE MATTE MAX","AUTO_ADDED_FROM_INVENTORY_COUNT=1"
"SOLYX","SXWF-WMAX WHITE MATTE MAX","SOLYX|SXWF-WMAX WHITE MATTE MAX","AUTO_ADDED_FROM_INVENTORY_COUNT=2"
"SOLYX","SXWF-WMAX WHITE MATTE MAX 60"" 1 Of 2","SOLYX|SXWF-WMAX WHITE MATTE MAX 60"" 1 OF 2","AUTO_ADDED_FROM_INVENTORY_COUNT=1"
"SOLYX","SXWV-0200 Clear Luster","SOLYX|SXWV-0200 CLEAR LUSTER","AUTO_ADDED_FROM_INVENTORY_COUNT=2"
"SOLYX","T2 Clear Fine Brush SXL","SOLYX|T2 CLEAR FINE BRUSH SXL","AUTO_ADDED_FROM_INVENTORY_COUNT=1"
"SOLYX","Thatch Frost SX1580","SOLYX|THATCH FROST SX1580","AUTO_ADDED_FROM_INVENTORY_COUNT=3"
"SOLYX","Total Light Blockout White","SOLYX|TOTAL LIGHT BLOCKOUT WHITE",""
"SOLYX","Traffic Blue 48"" SXO-","SOLYX|TRAFFIC BLUE 48"" SXO-","AUTO_ADDED_FROM_INVENTORY_COUNT=1"
"SOLYX","TRANSPARENT WHITE MATTE SXWF-TWM","SOLYX|TRANSPARENT WHITE MATTE SXWF-TWM","AUTO_ADDED_FROM_INVENTORY_COUNT=2"
"SOLYX","Transparent White Matte SXWFTWM","SOLYX|TRANSPARENT WHITE MATTE SXWFTWM","AUTO_ADDED_FROM_INVENTORY_COUNT=1"
"SOLYX","Triangle Gradient SXJ0594","SOLYX|TRIANGLE GRADIENT SXJ0594","AUTO_ADDED_FROM_INVENTORY_COUNT=2"
"SOLYX","Ultracool-s1560 Silver 15","SOLYX|ULTRACOOL-S1560 SILVER 15","AUTO_ADDED_FROM_INVENTORY_COUNT=1"
"SOLYX","UltraGlare Dark Shade G006","SOLYX|ULTRAGLARE DARK SHADE G006",""
"SOLYX","VERTICAL STRIPES 0000","SOLYX|VERTICAL STRIPES 0000",""
"SOLYX","VERTICAL STRIPES SX-9200","SOLYX|VERTICAL STRIPES SX-9200","AUTO_ADDED_FROM_INVENTORY_COUNT=2"
"SOLYX","Web Effect","SOLYX|WEB EFFECT",""
"SOLYX","White Black Opaque SXWFWB","SOLYX|WHITE BLACK OPAQUE SXWFWB","AUTO_ADDED_FROM_INVENTORY_COUNT=2"
"SOLYX","White Dots 1/8"" SXD-1818","SOLYX|WHITE DOTS 1/8"" SXD-1818",""
"SOLYX","White Dry Erase For Glass SX2029","SOLYX|WHITE DRY ERASE FOR GLASS SX2029","AUTO_ADDED_FROM_INVENTORY_COUNT=1"
"SOLYX","White Matte 24""/36""","SOLYX|WHITE MATTE 24""/36""",""
"SOLYX","White Matte Max SXWFWMAX","SOLYX|WHITE MATTE MAX SXWFWMAX","AUTO_ADDED_FROM_INVENTORY_COUNT=2"
"SOLYX","White Matte Max Translucent ( Sxwfwmax)","SOLYX|WHITE MATTE MAX TRANSLUCENT ( SXWFWMAX)","AUTO_ADDED_FROM_INVENTORY_COUNT=1"
"SOLYX","White Matte SXWFWM","SOLYX|WHITE MATTE SXWFWM","AUTO_ADDED_FROM_INVENTORY_COUNT=13"
"SOLYX","WHITE RICE PAPER SXG-0","SOLYX|WHITE RICE PAPER SXG-0","AUTO_ADDED_FROM_INVENTORY_COUNT=1"
"SOLYX","WHITE RICE PAPER SXG-001","SOLYX|WHITE RICE PAPER SXG-001","AUTO_ADDED_FROM_INVENTORY_COUNT=1"
"SOLYX","Whiteout SXWF-WO","SOLYX|WHITEOUT SXWF-WO",""
"SOLYX","Wht/blk Opq. Adh. On White SXWFWB","SOLYX|WHT/BLK OPQ. ADH. ON WHITE SXWFWB","AUTO_ADDED_FROM_INVENTORY_COUNT=2"
"SOLYX","Xpel Intelligence 65 XVAS65","SOLYX|XPEL INTELLIGENCE 65 XVAS65",""
"Vinyl","3470 White Matte","VINYL|3470 WHITE MATTE",""
"Vinyl","3472 White Matte Max","VINYL|3472 WHITE MATTE MAX",""
"Vinyl","3M 7125 Dark Grey 41","VINYL|3M 7125 DARK GREY 41",""
"Vinyl","3M Black Electrocut","VINYL|3M BLACK ELECTROCUT",""
"Vinyl","3M BLACK GLOSSY 3635-22B","VINYL|3M BLACK GLOSSY 3635-22B",""
"Vinyl","3M Black Vinyl","VINYL|3M BLACK VINYL",""
"Vinyl","3M Opaque Black","VINYL|3M OPAQUE BLACK",""
"Vinyl","3M White Board Dry Erase","VINYL|3M WHITE BOARD DRY ERASE",""
"Vinyl","3M White Translucent-3630","VINYL|3M WHITE TRANSLUCENT-3630",""
"Vinyl","3M White Vinyl","VINYL|3M WHITE VINYL",""
"Vinyl","3M Whiteboard WH-111G","VINYL|3M WHITEBOARD WH-111G",""
"Vinyl","651 Black Matte","VINYL|651 BLACK MATTE",""
"Vinyl","651 High Gloss series","VINYL|651 HIGH GLOSS SERIES",""
"Vinyl","726 ?","VINYL|726 ?",""
"Vinyl","Avery HP White 700","VINYL|AVERY HP WHITE 700",""
"Vinyl","Barcode","VINYL|BARCODE",""
"Vinyl","Belbien Wood Grain W-724","VINYL|BELBIEN WOOD GRAIN W-724",""
"Vinyl","Black Caulk","VINYL|BLACK CAULK","non_film_consumable:auto_tagged_2026-03-18"
"Vinyl","Casper Cloaking Film","VINYL|CASPER CLOAKING FILM",""
"Vinyl","CLEAR CAULK SPECTRUM","VINYL|CLEAR CAULK SPECTRUM","non_film_consumable:auto_tagged_2026-03-18"
"Vinyl","Coastal Black Caulk","VINYL|COASTAL BLACK CAULK","non_film_consumable:auto_tagged_2026-03-18"
"Vinyl","Coastal Dow 995 Black","VINYL|COASTAL DOW 995 BLACK","non_film_consumable:auto_tagged_2026-03-18"
"Vinyl","DOW 795 Black","VINYL|DOW 795 BLACK","non_film_consumable:auto_tagged_2026-03-18"
"Vinyl","DOW 799 CORNING SILICONE","VINYL|DOW 799 CORNING SILICONE","non_film_consumable:auto_tagged_2026-03-18"
"Vinyl","Fellers Oracal 651 Sky Blue","VINYL|FELLERS ORACAL 651 SKY BLUE",""
"Vinyl","GREY CAULK - STONEY","VINYL|GREY CAULK - STONEY","non_film_consumable:auto_tagged_2026-03-18"
"Vinyl","M119 Natura 15","VINYL|M119 NATURA 15",""
"Vinyl","M377 White Matte Max","VINYL|M377 WHITE MATTE MAX",""
"Vinyl","Oracal 651 White Glossy","VINYL|ORACAL 651 WHITE GLOSSY",""
"Vinyl","Oracal 651-074 Middle Gray","VINYL|ORACAL 651-074 MIDDLE GRAY",""
"Vinyl","Oracal 751 White","VINYL|ORACAL 751 WHITE",""
"Vinyl","Oracal 8500 Middle Gray","VINYL|ORACAL 8500 MIDDLE GRAY",""
"Vinyl","Oracal 951-090 Silver Metallic","VINYL|ORACAL 951-090 SILVER METALLIC",""
"Vinyl","Oracal Dark Roast","VINYL|ORACAL DARK ROAST",""
"Vinyl","Oracal Matte Black","VINYL|ORACAL MATTE BLACK",""
"Vinyl","Papyrus 816","VINYL|PAPYRUS 816",""
"Vinyl","PERF ONE WAY","VINYL|PERF ONE WAY",""
"Vinyl","Perforated One-Way (White)","VINYL|PERFORATED ONE-WAY (WHITE)",""
"Vinyl","PR 70","VINYL|PR 70","AUTO_ADDED_FROM_INVENTORY_COUNT=1"
"Vinyl","Renegade 20%","VINYL|RENEGADE 20%",""
"Vinyl","Renegade 35%","VINYL|RENEGADE 35%",""
"Vinyl","Renegade 5%","VINYL|RENEGADE 5%",""
"Vinyl","S80 60"" (1of 2)","VINYL|S80 60"" (1OF 2)","AUTO_ADDED_FROM_INVENTORY_COUNT=1"
"Vinyl","Safron 818","VINYL|SAFRON 818",""
"Vinyl","Security CL 800 60"" BRAND?","VINYL|SECURITY CL 800 60"" BRAND?",""
"Vinyl","Security S70X","VINYL|SECURITY S70X",""
"Vinyl","Solar Graphics Amber 2","VINYL|SOLAR GRAPHICS AMBER 2",""
"Vinyl","SPECTRUM BLACK CAULK","VINYL|SPECTRUM BLACK CAULK","non_film_consumable:auto_tagged_2026-03-18"
"Vinyl","Tremco Spectrem 2 Clear","VINYL|TREMCO SPECTREM 2 CLEAR",""
"Vinyl","Vinyl Carbon Fiber Anthracite","VINYL|VINYL CARBON FIBER ANTHRACITE",""
"Vinyl","Vinyl Oracal White Vinyl","VINYL|VINYL ORACAL WHITE VINYL",""
"Vinyl","Vinyl Satin Aluminum Gregory","VINYL|VINYL SATIN ALUMINUM GREGORY",""
"Vinyl","WHITE CAULK","VINYL|WHITE CAULK","non_film_consumable:auto_tagged_2026-03-18"
