reason,source_manufacturer,source_film_name,source_box_count,target_manufacturer,target_film_name,target_film_key,affected_rows
"fingerprint_unique_match","3M Solar","3M PR 70","68","3M Solar","PR 70","3M SOLAR|PR 70","68"
"fingerprint_unique_match","3M Solar","3M NV 15","65","3M Solar","NV 15","3M SOLAR|NV 15","65"
"fingerprint_unique_match","Llumar","Llumar Frost NRM PS2","64","Llumar","Frost NRMPS2","LLUMAR|FROST NRMPS2","64"
"fingerprint_unique_match","3M Solar","3M PR 50","48","3M Solar","PR 50","3M SOLAR|PR 50","48"
"fingerprint_unique_match","Solar Gard","SG Truevue 05","35","Solar Gard","Truevue 05","SOLAR GARD|TRUEVUE 05","35"
"fingerprint_unique_match","3M Solar","3M NV 25","34","3M Solar","NV 25","3M SOLAR|NV 25","34"
"fingerprint_unique_match","Avery Dennison","Avery Optitune 05","31","Avery Dennison","Optitune 05","AVERY DENNISON|OPTITUNE 05","31"
"fingerprint_unique_match","3M Fasara","3M Fasara Glace SH2MAGL","21","3M Fasara","Glace SH2MAGL","3M FASARA|GLACE SH2MAGL","21"
"fingerprint_unique_match","3M Solar","3M PR 70 EXT","21","3M Solar","PR 70 EXT","3M SOLAR|PR 70 EXT","21"
"fingerprint_unique_match","3M Solar","3M Affinity 15","19","3M Solar","Affinity 15","3M SOLAR|AFFINITY 15","19"
"fingerprint_unique_match","Solar Gard","SG Slate 10","19","Solar Gard","Slate 10","SOLAR GARD|SLATE 10","19"
"fingerprint_unique_match","3M Solar","3M PR 40 EXT","18","3M Solar","PR 40 EXT","3M SOLAR|PR 40 EXT","18"
"fingerprint_unique_match","3M Solar","3M PR 20","15","3M Solar","PR 20","3M SOLAR|PR 20","15"
"fingerprint_unique_match","Solar Gard","SG Slate 20","15","Solar Gard","Slate 20","SOLAR GARD|SLATE 20","15"
"fingerprint_unique_match","Solyx","Solyx Whiteout SXWFWO","15","Solyx","Whiteout SXWF-WO","SOLYX|WHITEOUT SXWF-WO","15"
"fingerprint_unique_match","Solyx","Solyx White Matte SXWFWM","13","Solyx","White Matte SXWFWM","SOLYX|WHITE MATTE SXWFWM","13"
"fingerprint_unique_match","Solyx","Solyx Dusted Crystal SX3140","12","Solyx","Dusted Crystal SX-3140","SOLYX|DUSTED CRYSTAL SX-3140","12"
"fingerprint_unique_match","3M Solar","3M PR 60","11","3M Solar","PR 60","3M SOLAR|PR 60","11"
"fingerprint_unique_match","Solyx","Solyx Blackout SXWFBO","11","Solyx","Blackout SXWFBO","SOLYX|BLACKOUT SXWFBO","11"
"fingerprint_unique_match","3M Fasara","3M Fasara Fine Crystal SH2FNCR","8","3M Fasara","Fine Crystal SH2FNCR","3M FASARA|FINE CRYSTAL SH2FNCR","8"
"fingerprint_unique_match","Llumar","LLUMAR FROST NRM PS2","8","Llumar","Frost NRMPS2","LLUMAR|FROST NRMPS2","8"
"fingerprint_unique_match","Solar Gard","SG TrueVue 05","8","Solar Gard","Truevue 05","SOLAR GARD|TRUEVUE 05","8"
"fingerprint_unique_match","3M Fasara","3M Fasara Frost Opaque White SH2MAOW","7","3M Fasara","Frost Opaque White SH2MAOW","3M FASARA|FROST OPAQUE WHITE SH2MAOW","7"
"fingerprint_unique_match","3M Fasara","3M Fasara Mat Crystal SH2MACR-I","7","3M Fasara","Mat Crystal SH2MACR-I","3M FASARA|MAT CRYSTAL SH2MACR-I","7"
"fingerprint_unique_match","3M Solar","3M Thinsulate 75","7","3M Solar","Thinsulate 75","3M SOLAR|THINSULATE 75","7"
"fingerprint_unique_match","Solar Gard","SG TrueVue 40","7","Solar Gard","Truevue 40","SOLAR GARD|TRUEVUE 40","7"
"fingerprint_unique_match","Solyx","Solyx Clear Frost SX1301","7","Solyx","Clear Frost SX-1301","SOLYX|CLEAR FROST SX-1301","7"
"fingerprint_unique_match","Solyx","Solyx White Sand Matte SX1409","7","Solyx","White Sand Matte SX-1409","SOLYX|WHITE SAND MATTE SX-1409","7"
"fingerprint_unique_match","3M Fasara","3M Fasara Milky Crystal SH2MLCRX","6","3M Fasara","Milky Crystal SH2MLCRX","3M FASARA|MILKY CRYSTAL SH2MLCRX","6"
"fingerprint_unique_match","3M Fasara","3M Fasara Shutie Vertical SH2FGST","6","3M Fasara","Shutie Vertical SH2FGST","3M FASARA|SHUTIE VERTICAL SH2FGST","6"
"fingerprint_unique_match","3M Solar","3M Affinity 30","6","3M Solar","Affinity 30","3M SOLAR|AFFINITY 30","6"
"fingerprint_unique_match","3M Solar","3M NV15","6","3M Solar","NV 15","3M SOLAR|NV 15","6"
"fingerprint_unique_match","Llumar","Llumar Frost NRMPS2","6","Llumar","Frost NRMPS2","LLUMAR|FROST NRMPS2","6"
"fingerprint_unique_match","Solyx","Solyx Milky Frost SXMD8303","6","Solyx","Milky Frost SXMD8303","SOLYX|MILKY FROST SXMD8303","6"
"fingerprint_unique_match","Solyx","Solyx Total Light Blockout White SXF-5050","6","Solyx","Total Light Blockout White SXF-5050","SOLYX|TOTAL LIGHT BLOCKOUT WHITE SXF-5050","6"
"fingerprint_unique_match","3M Fasara","3M Fasara Border Leise Horiz. SH2FGLS","5","3M Fasara","Border Leise Horiz. SH2FGLS","3M FASARA|BORDER LEISE HORIZ. SH2FGLS","5"
"fingerprint_unique_match","3M Fasara","3M Fasara Mare SH2FGMR","5","3M Fasara","Mare SH2FGMR","3M FASARA|MARE SH2FGMR","5"
"fingerprint_unique_match","3M Fasara","3M Fasara Straight Washi SH2FGSW","5","3M Fasara","Straight Washi SH2FGSW","3M FASARA|STRAIGHT WASHI SH2FGSW","5"
"fingerprint_unique_match","3M Solar","3M PR 70 Ext","5","3M Solar","PR 70 EXT","3M SOLAR|PR 70 EXT","5"
"fingerprint_unique_match","Llumar","Llumar White Out NRMW PS3","5","Llumar","White Out NRMW PS3","LLUMAR|WHITE OUT NRMW PS3","5"
"fingerprint_unique_match","Solar Gard","SG Panorama Slate 10","5","Solar Gard","Panorama Slate 10","SOLAR GARD|PANORAMA SLATE 10","5"
"fingerprint_unique_match","Solar Gard","SG TrueVue 5","5","Solar Gard","Truevue 5","SOLAR GARD|TRUEVUE 5","5"
"fingerprint_unique_match","Solyx","Solyx Fine Crystal Frost SX-1309","5","Solyx","Fine Crystal Frost SX-1309","SOLYX|FINE CRYSTAL FROST SX-1309","5"
"fingerprint_unique_match","3M Solar","3M PR 50 EXT","4","3M Solar","PR 50 EXT","3M SOLAR|PR 50 EXT","4"
"fingerprint_unique_match","3M Solar","3M PR20","4","3M Solar","PR 20","3M SOLAR|PR 20","4"
"fingerprint_unique_match","Solar Gard","SG Truevue 40","4","Solar Gard","Truevue 40","SOLAR GARD|TRUEVUE 40","4"
"fingerprint_unique_match","Solyx","Solyx Dual Cloud Gradient SXJ0579","4","Solyx","Dual Cloud Gradient SXJ0579","SOLYX|DUAL CLOUD GRADIENT SXJ0579","4"
"fingerprint_unique_match","Solyx","Solyx Fine Brushed SXL1017","4","Solyx","Fine Brushed SXL1017","SOLYX|FINE BRUSHED SXL1017","4"
"fingerprint_unique_match","Solyx","Solyx Geometric SX3150","4","Solyx","Geometric SX3150","SOLYX|GEOMETRIC SX3150","4"
"fingerprint_unique_match","3M Fasara","3M Fasara Lausanne SH2EMLA","3","3M Fasara","Lausanne SH2EMLA","3M FASARA|LAUSANNE SH2EMLA","3"
"fingerprint_unique_match","3M Fasara","3M Fasara Luce SH2FGLU","3","3M Fasara","Luce SH2FGLU","3M FASARA|LUCE SH2FGLU","3"
"fingerprint_unique_match","3M Fasara","3M Fasara Stripe Safari SH2PTSR","3","3M Fasara","Stripe Safari SH2PTSR","3M FASARA|STRIPE SAFARI SH2PTSR","3"
"fingerprint_unique_match","3M Solar","3M PR 90 EXT","3","3M Solar","PR 90 EXT","3M SOLAR|PR 90 EXT","3"
"fingerprint_unique_match","3M Solar","3M S80","3","3M Solar","S80","3M SOLAR|S80","3"
"fingerprint_unique_match","Llumar","Llumar Etched Frost NRMV60FPS3","3","Llumar","Etched Frost NRMV60FPS3","LLUMAR|ETCHED FROST NRMV60FPS3","3"
"fingerprint_unique_match","Solyx","Solyx Chicago SX9100","3","Solyx","Chicago SX-9100","SOLYX|CHICAGO SX-9100","3"
"fingerprint_unique_match","Solyx","Solyx Clear Waters SX-9000","3","Solyx","Clear Waters SX-9000","SOLYX|CLEAR WATERS SX-9000","3"
"fingerprint_unique_match","Solyx","Solyx Dark Black SXP014","3","Solyx","Dark Black SXP-014","SOLYX|DARK BLACK SXP-014","3"
"fingerprint_unique_match","Solyx","Solyx Dry Erase White For Glass SX2090","3","Solyx","Dry Erase White For Glass SX2090","SOLYX|DRY ERASE WHITE FOR GLASS SX2090","3"
"fingerprint_unique_match","Solyx","Solyx Dual Feather Gradient SXJ-0591","3","Solyx","Dual Feather Gradient SXJ-0591","SOLYX|DUAL FEATHER GRADIENT SXJ-0591","3"
"fingerprint_unique_match","Solyx","Solyx Dual Feather Gradient SXJ0548","3","Solyx","Dual Feather Gradient SXJ0548","SOLYX|DUAL FEATHER GRADIENT SXJ0548","3"
"fingerprint_unique_match","Solyx","Solyx Etched Leise Stripes SXC374","3","Solyx","Etched Leise Stripes SX-C374","SOLYX|ETCHED LEISE STRIPES SX-C374","3"
"fingerprint_unique_match","Solyx","Solyx Rain Glass SX1544","3","Solyx","Rain Glass SX1544","SOLYX|RAIN GLASS SX1544","3"
"fingerprint_unique_match","Solyx","Solyx Subsonic SX-5035","3","Solyx","Subsonic SX-5035","SOLYX|SUBSONIC SX-5035","3"
"fingerprint_unique_match","Solyx","Solyx Thatch Frost SX1580","3","Solyx","Thatch Frost SX1580","SOLYX|THATCH FROST SX1580","3"
"fingerprint_unique_match","3M Fasara","3M Fasara Border Paracell Horizontal SH2FGPR","2","3M Fasara","Border Paracell Horizontal SH2FGPR","3M FASARA|BORDER PARACELL HORIZONTAL SH2FGPR","2"
"fingerprint_unique_match","3M Fasara","3M Fasara Essen SH2EMES","2","3M Fasara","Essen SH2EMES","3M FASARA|ESSEN SH2EMES","2"
"fingerprint_unique_match","3M Fasara","3M Fasara Fusion Pearl SH2CSFP","2","3M Fasara","Fusion Pearl SH2CSFP","3M FASARA|FUSION PEARL SH2CSFP","2"
"fingerprint_unique_match","3M Fasara","3M Fasara Linen SH2FGLN","2","3M Fasara","Linen SH2FGLN","3M FASARA|LINEN SH2FGLN","2"
"fingerprint_unique_match","3M Fasara","3M Fasara Wind SH2PTWD","2","3M Fasara","Wind SH2PTWD","3M FASARA|WIND SH2PTWD","2"
"fingerprint_unique_match","3M Solar","3M Frosted Crystal","2","3M Solar","Frosted Crystal","3M SOLAR|FROSTED CRYSTAL","2"
"fingerprint_unique_match","3M Solar","3M PR 60 EXT","2","3M Solar","PR 60 EXT","3M SOLAR|PR 60 EXT","2"
"fingerprint_unique_match","3M Solar","3M Ultra NV25","2","3M Solar","Ultra NV25","3M SOLAR|ULTRA NV25","2"
"fingerprint_unique_match","Llumar","Llumar Etched Frost NRMV60 FPS3","2","Llumar","Etched Frost NRMV60FPS3","LLUMAR|ETCHED FROST NRMV60FPS3","2"
"fingerprint_unique_match","Llumar","Llumar Glacier NRM55 PS4","2","Llumar","Glacier NRM55 PS4","LLUMAR|GLACIER NRM55 PS4","2"
"fingerprint_unique_match","Llumar","Llumar V 28","2","Llumar","V28","LLUMAR|V28","2"
"fingerprint_unique_match","Llumar","Llumar V 33","2","Llumar","V33","LLUMAR|V33","2"
"fingerprint_unique_match","Solar Gard","SG Panorama Slate 40","2","Solar Gard","Panorama Slate 40","SOLAR GARD|PANORAMA SLATE 40","2"
"fingerprint_unique_match","Solar Gard","SG SX 50","2","Solar Gard","SX 50","SOLAR GARD|SX 50","2"
"fingerprint_unique_match","Solyx","Solyx Acid Etch SX3314","2","Solyx","Acid Etch SX3314","SOLYX|ACID ETCH SX3314","2"
"fingerprint_unique_match","Solyx","Solyx Alps SXC392","2","Solyx","Alps SXC392","SOLYX|ALPS SXC392","2"
"fingerprint_unique_match","Solyx","Solyx Black Out SXWF-BO","2","Solyx","Blackout SXWFBO","SOLYX|BLACKOUT SXWFBO","2"
"fingerprint_unique_match","Solyx","Solyx Blackout SXWF - BO","2","Solyx","Blackout SXWFBO","SOLYX|BLACKOUT SXWFBO","2"
"fingerprint_unique_match","Solyx","Solyx Clear Luster SXWV0200","2","Solyx","Clear Luster SXWV0200","SOLYX|CLEAR LUSTER SXWV0200","2"
"fingerprint_unique_match","Solyx","Solyx Dual Misty Fost SXJ-0598 GRADIANT","2","Solyx","Dual Misty Fost SXJ-0598 GRADIANT","SOLYX|DUAL MISTY FOST SXJ-0598 GRADIANT","2"
"fingerprint_unique_match","Solyx","Solyx Dusted crystal SX3140","2","Solyx","Dusted Crystal SX-3140","SOLYX|DUSTED CRYSTAL SX-3140","2"
"fingerprint_unique_match","Solyx","Solyx Dusted Etch SXC-300","2","Solyx","Dusted Etch SX-C300","SOLYX|DUSTED ETCH SX-C300","2"
"fingerprint_unique_match","Solyx","Solyx Lineage Dual Frost. Grad. SXJ0599","2","Solyx","Lineage Dual Frost. Grad. SXJ0599","SOLYX|LINEAGE DUAL FROST. GRAD. SXJ0599","2"
"fingerprint_unique_match","Solyx","Solyx One Way Slv./Gry SXSG09","2","Solyx","One Way Slv./gry SXSG09","SOLYX|ONE WAY SLV./GRY SXSG09","2"
"fingerprint_unique_match","Solyx","Solyx Shimera SX-3160","2","Solyx","Shimera SX-3160","SOLYX|SHIMERA SX-3160","2"
"fingerprint_unique_match","Solyx","Solyx Static Cling Atlantis SXSC514","2","Solyx","Static Cling Atlantis SXSC514","SOLYX|STATIC CLING ATLANTIS SXSC514","2"
"fingerprint_unique_match","Solyx","Solyx SX-C376 Etchnwhite Random Lines","2","Solyx","SX-C376 Etchnwhite Random Lines","SOLYX|SX-C376 ETCHNWHITE RANDOM LINES","2"
"fingerprint_unique_match","Solyx","Solyx SXHP-2411 Vertical Stripes","2","Solyx","SXHP-2411 Vertical Stripes","SOLYX|SXHP-2411 VERTICAL STRIPES","2"
"fingerprint_unique_match","Solyx","Solyx SXWF-WM WHite matte","2","Solyx","SXWF-WM White Matte","SOLYX|SXWF-WM WHITE MATTE","2"
"fingerprint_unique_match","Solyx","Solyx Triangle Gradient SXJ0594","2","Solyx","Triangle Gradient SXJ0594","SOLYX|TRIANGLE GRADIENT SXJ0594","2"
"fingerprint_unique_match","Solyx","Solyx White Black Opaque SXWFWB","2","Solyx","White Black Opaque SXWFWB","SOLYX|WHITE BLACK OPAQUE SXWFWB","2"
"fingerprint_unique_match","Solyx","Solyx White Matte Max SXWFWMAX","2","Solyx","White Matte Max SXWFWMAX","SOLYX|WHITE MATTE MAX SXWFWMAX","2"
"fingerprint_unique_match","Solyx","Solyx Wht/Blk Opq. Adh. on White SXWFWB","2","Solyx","Wht/blk Opq. Adh. On White SXWFWB","SOLYX|WHT/BLK OPQ. ADH. ON WHITE SXWFWB","2"
"fingerprint_unique_match","3M Fasara","3M FASARA ""ILLUMINA BLACK (GRADIENT) SH2BKIM","1","3M Fasara","""illumina BLACK (gradient) SH2BKIM","3M FASARA|""ILLUMINA BLACK (GRADIENT) SH2BKIM","1"
"fingerprint_unique_match","3M Fasara","3M Fasara Arpa Crystal SH2APCR","1","3M Fasara","Arpa Crystal SH2APCR","3M FASARA|ARPA CRYSTAL SH2APCR","1"
"fingerprint_unique_match","3M Fasara","3M Fasara Cross Hairline Sucre SH2CHSC","1","3M Fasara","Cross Hairline Sucre SH2CHSC","3M FASARA|CROSS HAIRLINE SUCRE SH2CHSC","1"
"fingerprint_unique_match","3M Fasara","3M Fasara Fabric Sagano SH2PTSA2","1","3M Fasara","Fabric Sagano SH2PTSA2","3M FASARA|FABRIC SAGANO SH2PTSA2","1"
"fingerprint_unique_match","3M Fasara","3M Fasara Fabric Weave Pearl Dk Gray SH2EMWG","1","3M Fasara","Fabric Weave Pearl Dk Gray SH2EMWG","3M FASARA|FABRIC WEAVE PEARL DK GRAY SH2EMWG","1"
"fingerprint_unique_match","3M Fasara","3M Fasara Frost Walnut Smoke SH2PTFWS","1","3M Fasara","Frost Walnut Smoke SH2PTFWS","3M FASARA|FROST WALNUT SMOKE SH2PTFWS","1"
"fingerprint_unique_match","3M Fasara","3M Fasara Vista Dot SH2FGVI","1","3M Fasara","Vista Dot SH2FGVI","3M FASARA|VISTA DOT SH2FGVI","1"
"fingerprint_unique_match","3M Fasara","3M Oslo SH-2EMOS","1","3M Fasara","3M Oslo SH2EMOS","3M FASARA|3M OSLO SH2EMOS","1"
"fingerprint_unique_match","3M Solar","3M NV 15 F168325129","1","3M Solar","NV 15 F168325129","3M SOLAR|NV 15 F168325129","1"
"fingerprint_unique_match","3M Solar","3M PR 50 60"" F2963235","1","3M Solar","PR 50 60"" F2963235","3M SOLAR|PR 50 60"" F2963235","1"
"fingerprint_unique_match","3M Solar","3M PR 50 72"" Transfered to MS","1","3M Solar","PR 50 72"" Transfered To MS","3M SOLAR|PR 50 72"" TRANSFERED TO MS","1"
"fingerprint_unique_match","3M Solar","3M PR 70 72"" B223557 - 3M PR 70 72"" B225324055 05324055 0","1","3M Solar","PR 70 72"" B223557 - 3M PR 70 72"" B225324055 05324055 0","3M SOLAR|PR 70 72"" B223557 - 3M PR 70 72"" B225324055 05324055 0","1"
"fingerprint_unique_match","3M Solar","3M PR50","1","3M Solar","PR 50","3M SOLAR|PR 50","1"
"fingerprint_unique_match","3M Solar","3M S40 Clear","1","3M Solar","S40 Clear","3M SOLAR|S40 CLEAR","1"
"fingerprint_unique_match","3M Solar","4006 3M Frosted Crystal","1","3M Solar","Frosted Crystal","3M SOLAR|FROSTED CRYSTAL","1"
"fingerprint_unique_match","3M Solar","4007 3M Frosted Crystal","1","3M Solar","Frosted Crystal","3M SOLAR|FROSTED CRYSTAL","1"
"fingerprint_unique_match","Llumar","LLumar Frost NRM PS2","1","Llumar","Frost NRMPS2","LLUMAR|FROST NRMPS2","1"
"fingerprint_unique_match","Llumar","LLUMAR FROST NRMPS2","1","Llumar","Frost NRMPS2","LLUMAR|FROST NRMPS2","1"
"fingerprint_unique_match","Llumar","Llumar V 51","1","Llumar","V51","LLUMAR|V51","1"
"fingerprint_unique_match","Solar Gard","SG DR TRUEVUE 05","1","Solar Gard","DR TRUEVUE 05","SOLAR GARD|DR TRUEVUE 05","1"
"fingerprint_unique_match","Solar Gard","SG Sentinel Plus SX50 EXT","1","Solar Gard","Sentinel Plus SX50 EXT","SOLAR GARD|SENTINEL PLUS SX50 EXT","1"
"fingerprint_unique_match","Solar Gard","SG SLATE 40 36"" MISSING","1","Solar Gard","SLATE 40 36"" MISSING","SOLAR GARD|SLATE 40 36"" MISSING","1"
"fingerprint_unique_match","Solar Gard","SG Slate 40 72"" (Box 1 of 2)","1","Solar Gard","Slate 40 72"" (box 1 Of 2)","SOLAR GARD|SLATE 40 72"" (BOX 1 OF 2)","1"
"fingerprint_unique_match","Solar Gard","SG True Vue 5","1","Solar Gard","Truevue 5","SOLAR GARD|TRUEVUE 5","1"
"fingerprint_unique_match","Solar Gard","SG Truevue 40 48"" (re-rolled a partial to 15')","1","Solar Gard","Truevue 40 48"" (re-rolled A Partial To 15')","SOLAR GARD|TRUEVUE 40 48"" (RE-ROLLED A PARTIAL TO 15')","1"
"fingerprint_unique_match","Solar Gard","SG Truevue 5","1","Solar Gard","Truevue 5","SOLAR GARD|TRUEVUE 5","1"
"fingerprint_unique_match","Solar Gard","Solar Guard Slate 10","1","Solar Gard","Slate 10","SOLAR GARD|SLATE 10","1"
"fingerprint_unique_match","Solar Gard","Solar Guard Truevue 05","1","Solar Gard","Truevue 05","SOLAR GARD|TRUEVUE 05","1"
"fingerprint_unique_match","Solyx","Solyx Antique Clear SX6020","1","Solyx","Antique Clear SX6020","SOLYX|ANTIQUE CLEAR SX6020","1"
"fingerprint_unique_match","Solyx","Solyx Antique Slvr. Mirr. Opaque First Surfc. SX6040","1","Solyx","Antique Slvr. Mirr. Opaque First Surfc. SX6040","SOLYX|ANTIQUE SLVR. MIRR. OPAQUE FIRST SURFC. SX6040","1"
"fingerprint_unique_match","Solyx","Solyx Big City Lights SX1523","1","Solyx","Big City Lights SX1523","SOLYX|BIG CITY LIGHTS SX1523","1"
"fingerprint_unique_match","Solyx","Solyx Bird Safety Film Dot (SX-BSFD)","1","Solyx","Bird Safety Film Dot (sx-bsfd)","SOLYX|BIRD SAFETY FILM DOT (SX-BSFD)","1"
"fingerprint_unique_match","Solyx","Solyx Blackout SXWF-BO","1","Solyx","Blackout SXWFBO","SOLYX|BLACKOUT SXWFBO","1"
"fingerprint_unique_match","Solyx","Solyx Cool Grey SX4500","1","Solyx","Cool Grey SX4500","SOLYX|COOL GREY SX4500","1"
"fingerprint_unique_match","Solyx","SOLYX Dual Feather Gradient SXJ-0591","1","Solyx","Dual Feather Gradient SXJ-0591","SOLYX|DUAL FEATHER GRADIENT SXJ-0591","1"
"fingerprint_unique_match","Solyx","SOLYX Etched Dual Dot Gradient SXJ0583","1","Solyx","Etched Dual Dot Gradient SXJ0583","SOLYX|ETCHED DUAL DOT GRADIENT SXJ0583","1"
"fingerprint_unique_match","Solyx","Solyx Frosted Jacks SXW08","1","Solyx","Frosted Jacks SXW08","SOLYX|FROSTED JACKS SXW08","1"
"fingerprint_unique_match","Solyx","Solyx Frosted Sparkle SX324","1","Solyx","Frosted Sparkle SX324","SOLYX|FROSTED SPARKLE SX324","1"
"fingerprint_unique_match","Solyx","Solyx Frosted Stripes SXC3510","1","Solyx","Frosted Stripes SXC3510","SOLYX|FROSTED STRIPES SXC3510","1"
"fingerprint_unique_match","Solyx","Solyx Frosted Summer SX1545","1","Solyx","Frosted Summer SX1545","SOLYX|FROSTED SUMMER SX1545","1"
"fingerprint_unique_match","Solyx","SOLYX Gotham SX3148","1","Solyx","Gotham SX3148","SOLYX|GOTHAM SX3148","1"
"fingerprint_unique_match","Solyx","Solyx Light Etch SXGF0197","1","Solyx","Light Etch SXGF0197","SOLYX|LIGHT ETCH SXGF0197","1"
"fingerprint_unique_match","Solyx","SOLYX LINEN SX-C387","1","Solyx","LINEN SX-C387","SOLYX|LINEN SX-C387","1"
"fingerprint_unique_match","Solyx","SOLYX MAGNETIC White Dry Erase for Glass SX2097","1","Solyx","MAGNETIC White Dry Erase For Glass SX2097","SOLYX|MAGNETIC WHITE DRY ERASE FOR GLASS SX2097","1"
"fingerprint_unique_match","Solyx","Solyx Matte Dual Fine Dots Grad. SXJ0581","1","Solyx","Matte Dual Fine Dots Grad. SXJ0581","SOLYX|MATTE DUAL FINE DOTS GRAD. SXJ0581","1"
"fingerprint_unique_match","Solyx","Solyx Matte Linen SX5031","1","Solyx","Matte Linen SX5031","SOLYX|MATTE LINEN SX5031","1"
"fingerprint_unique_match","Solyx","Solyx Olive/Gold Dusted Leaf SX3145","1","Solyx","Olive/gold Dusted Leaf SX3145","SOLYX|OLIVE/GOLD DUSTED LEAF SX3145","1"
"fingerprint_unique_match","Solyx","SOLYX one way perf SX1940","1","Solyx","One Way Perf SX1940","SOLYX|ONE WAY PERF SX1940","1"
"fingerprint_unique_match","Solyx","Solyx Organic Cotton SX3146","1","Solyx","Organic Cotton SX3146","SOLYX|ORGANIC COTTON SX3146","1"
"fingerprint_unique_match","Solyx","Solyx Pin Point SXC333","1","Solyx","Pin Point SXC333","SOLYX|PIN POINT SXC333","1"
"fingerprint_unique_match","Solyx","Solyx Rhombus SX1730","1","Solyx","Rhombus SX1730","SOLYX|RHOMBUS SX1730","1"
"fingerprint_unique_match","Solyx","Solyx Ribbed Glass Clear SX-9050","1","Solyx","Ribbed Glass Clear SX-9050","SOLYX|RIBBED GLASS CLEAR SX-9050","1"
"fingerprint_unique_match","Solyx","Solyx Sambe SX5037","1","Solyx","Sambe SX5037","SOLYX|SAMBE SX5037","1"
"fingerprint_unique_match","Solyx","Solyx Sand Blast Dark Gray SXB-73","1","Solyx","Sand Blast Dark Gray SXB-73","SOLYX|SAND BLAST DARK GRAY SXB-73","1"
"fingerprint_unique_match","Solyx","Solyx Sand Blast Squares 1-1/8"" SX1700","1","Solyx","Sand Blast Squares 1-1/8"" SX1700","SOLYX|SAND BLAST SQUARES 1-1/8"" SX1700","1"
"fingerprint_unique_match","Solyx","Solyx Satin Silver Opaque SXWFSM","1","Solyx","Satin Silver Opaque SXWFSM","SOLYX|SATIN SILVER OPAQUE SXWFSM","1"
"fingerprint_unique_match","Solyx","Solyx Semi Transparent Clear Frost SX1325","1","Solyx","Semi Transparent Clear Frost SX1325","SOLYX|SEMI TRANSPARENT CLEAR FROST SX1325","1"
"fingerprint_unique_match","Solyx","Solyx Silver Etch Stripe SX-2002","1","Solyx","Silver Etch Stripe SX-2002","SOLYX|SILVER ETCH STRIPE SX-2002","1"
"fingerprint_unique_match","Solyx","Solyx Static Cling Blackout Sand SXSC-318","1","Solyx","Static Cling Blackout Sand SXSC-318","SOLYX|STATIC CLING BLACKOUT SAND SXSC-318","1"
"fingerprint_unique_match","Solyx","Solyx Static Cling Mosaic Squares SX-SC513","1","Solyx","Static Cling Mosaic Squares SX-SC513","SOLYX|STATIC CLING MOSAIC SQUARES SX-SC513","1"
"fingerprint_unique_match","Solyx","Solyx SX 1","1","Solyx","SX 1","SOLYX|SX 1","1"
"fingerprint_unique_match","Solyx","Solyx SX-052","1","Solyx","SX-052","SOLYX|SX-052","1"
"fingerprint_unique_match","Solyx","Solyx SX-1516","1","Solyx","SX-1516","SOLYX|SX-1516","1"
"fingerprint_unique_match","Solyx","Solyx SX-5038","1","Solyx","SX-5038","SOLYX|SX-5038","1"
"fingerprint_unique_match","Solyx","SOLYX SX-C373 Acid Etch Stripes","1","Solyx","SX-C373 Acid Etch Stripes","SOLYX|SX-C373 ACID ETCH STRIPES","1"
"fingerprint_unique_match","Solyx","SOLYX SX-SC555 Titanium Sand 35.5""","1","Solyx","SX-SC555 Titanium Sand 35.5""","SOLYX|SX-SC555 TITANIUM SAND 35.5""","1"
"fingerprint_unique_match","Solyx","Solyx SX073 Dark Grey","1","Solyx","SX073 Dark Grey","SOLYX|SX073 DARK GREY","1"
"fingerprint_unique_match","Solyx","SOLYX SXJ-0547 FEATHER GRADIENT","1","Solyx","SXJ-0547 FEATHER GRADIENT","SOLYX|SXJ-0547 FEATHER GRADIENT","1"
"fingerprint_unique_match","Solyx","Solyx SXO-025 Brimestome Yellow","1","Solyx","SXO-025 Brimestome Yellow","SOLYX|SXO-025 BRIMESTOME YELLOW","1"
"fingerprint_unique_match","Solyx","Solyx SXO-034 Orange","1","Solyx","SXO-034 Orange","SOLYX|SXO-034 ORANGE","1"
"fingerprint_unique_match","Solyx","Solyx SXO-056 Ice Blue","1","Solyx","SXO-056 Ice Blue","SOLYX|SXO-056 ICE BLUE","1"
"fingerprint_unique_match","Solyx","Solyx SXO-068 Grass Green","1","Solyx","SXO-068 Grass Green","SOLYX|SXO-068 GRASS GREEN","1"
"fingerprint_unique_match","Solyx","Solyx SXP-020UV Amber","1","Solyx","SXP-020UV Amber","SOLYX|SXP-020UV AMBER","1"
"fingerprint_unique_match","Solyx","Solyx SXP-039 Raspberry Red","1","Solyx","SXP-039 Raspberry Red","SOLYX|SXP-039 RASPBERRY RED","1"
"fingerprint_unique_match","Solyx","Solyx SXWF_WM White Matt","1","Solyx","Sxwf_wm White Matt","SOLYX|SXWF_WM WHITE MATT","1"
"fingerprint_unique_match","Solyx","SOLYX SXWF-WM WHITE MATTE","1","Solyx","SXWF-WM White Matte","SOLYX|SXWF-WM WHITE MATTE","1"
"fingerprint_unique_match","Solyx","SOLYX SXWF-WM WHITE MATTE MAX","1","Solyx","SXWF-WM WHITE MATTE MAX","SOLYX|SXWF-WM WHITE MATTE MAX","1"
"fingerprint_unique_match","Solyx","Solyx Transparent White Leaf SX-3142","1","Solyx","Transparent White Leaf SX-3142","SOLYX|TRANSPARENT WHITE LEAF SX-3142","1"
"fingerprint_unique_match","Solyx","SOLYX Ultracool-S1560 Silver 15","1","Solyx","Ultracool-s1560 Silver 15","SOLYX|ULTRACOOL-S1560 SILVER 15","1"
"fingerprint_unique_match","Solyx","Solyx Violet SXO-040","1","Solyx","Violet SXO-040","SOLYX|VIOLET SXO-040","1"
"fingerprint_unique_match","Solyx","SOLYX White Dry Erase for Glass SX2029","1","Solyx","White Dry Erase For Glass SX2029","SOLYX|WHITE DRY ERASE FOR GLASS SX2029","1"
"fingerprint_unique_match","Solyx","Solyx White Matte Max Translucent ( SXWFWMAX)","1","Solyx","White Matte Max Translucent ( Sxwfwmax)","SOLYX|WHITE MATTE MAX TRANSLUCENT ( SXWFWMAX)","1"
"fingerprint_unique_match","Solyx","Solyx Whiteout SX-WFWO","1","Solyx","Whiteout SXWF-WO","SOLYX|WHITEOUT SXWF-WO","1"
